userName,content,score
Buter Grafika 23,"fitur dari sirekap belum sepenuhnya mutakhir perlu ditingkatkan kembali, jangan sampai gara-gara aplikasi ini petugas kpps yang disalahkan. perlu peningkatan : hasil scan tidak bisa di edit 2x al hasil ketika ada revisi tidk bisa diubah, daftar hadir tidak ada opsi dpt, dpk dan dptb, proses upload relatif lama seperti server belum siap menampung. mode offline banyak yang blank tidak terbaca di server padahal di aplikasi sudah sukses terkirim. mohon di perhatikan untuk kedepan",1
enesis jember,"kamera jelek tidak bisa hd kayak kamera jadul, tidak bisa mendeteksi angka, aplikasi nya susah di pakai lemot tingkat dewa. intinya kameranya tidak patut digunakan. mungkin bisa di revisi untuk pemilu-pemilu selanjutnya. pencahayaan harus pakai sokle kah baru bisa terbaca, aplikasi nya tolol",1
Jaja Jamaluddin,"aplikasi menyusahkan, bukan mempermudah pekerjaan. harusnya untuk foto bisa bentuk foto apa saja yang penting jelas terbaca dan betul hasil plano dibawahnya inputan manual hasil biar mempermudah. bukan harus ini itu foto hasilnya.",1
Irma Yanti,"benar² buruk, aplikasi dipake se indonesia, seharusnya kalo memang masih eror seperti ini terus,mending tidak usah bikin aplikasi sirekap,katanya buat mempermudah, tapi hasilnya mempersulit. aplikasi hampir setiap minggu ganti versi.",1
Siti Fadilah,"aplikasinya belum siap buat publish, masih banyak yang harus diperbaiki 1. ada 2 anggota sirekap di 1 tps, data yang sudah di upload disirekap 1 tidak muncul di sirekap 2. (fixing) 2. seharusnya ada akses untuk edit data / pemberitahuan jika c salin tidak sama dengan data yang sudah diupload. 3. scan yang tidak sesuai auto clear di tiap inputan. 4. upload kehadiran dpt untuk menambahkan halamn tidak terlihat (terlalu bawah) 5. upload data saksi seharusnya hanya ada ditiap jenis suara (agar tidak dobel)",3
Muchamad Anwar,"dengan adanya sirekap, ekspetasi penghitungan suara akan lebih cepat dan mudah tapi realitanya tidak sesuai ekspetasi, malah mempersulit dan memperlambat. semoga bisa diperbaiki agar 5taun kedepan bisa digunakan dengan optimal",2
endraj santosa,"upload foto lama, ai -nya banyak ngaconya.. sudah selesai pengisian foto,data dan verifikasi, diklik kunci dan buat dokumen sampai 36 jam lebih ( sampai sekarang ) masih muter2 loading nya.. sudah hubungi developer aplikasi nya sampai sekarang tidak ada tanggapan... ditambah aplikasinya makan memori handphone sampai 1 gb lebih...",2
didin,"aplikasi pemerintah tapi sangat buruk kwalitasnya , susah log in ,sering mental kluar jika input data , trus pembacaan kamera tidak sesuei real nya . udah gitu yang ppwp tidak bisa di edit jika sistem tidak bisa baca , pokoknya buruk sekali",1
Pitri Yani,"sangat mengecewakan tidak bisa di login disemua tipe hp. seharusnya lebih di tingkatkan lagi aplikasi supaya bisa di akses ke semua tipe hp. lebih ditingkatkan lagi supaya bisa terbaca angkanya angka digital maupun angka biasa. pokoknya tingkatkan lagi. jangan sampe banyak yang akses jadi loading, macet, kirim poto nunggu nya sampai sampe selesai di kirim. jangan nyalahin anggota kpps yang udah bener tulisnya. tolong perbaiki aplikasinya jangan sampai saling menyalahkan",1
Anexs Prasetyo,"tolong dong aplikasinya di perbaiki, minimal kalau tidak bisa membaca angka dengan benar bisa di tulis manual ini sudah di isi manual tetap saja tidak bisa dengan keluhan tidak sesuai, padahal angka sudah terbaca dengan jelas dan tolong tambahkan untuk menu import foto dari galeri saja agar tidak menyusahkan",1
Tri Suyarno,"selama 4 tahun ini developer sirekap ngapain? server tidak ada perbaikan, dan dari dulu aplikasi tidak ada perkembangan apa-apa, paling tidak saat pengambilan gambar tambahin fiture flash atau paling tidak resolusi pengambilan foto di naikkan, kasian buat operator sirekap yang sensor kameranya tidak bagus, hasil foto jadi kayak vga, noise dimana2.",1
Soyou Sistar,"untuk sekelas pemilu yang menentukan pemimpin indonesia, aplikasi ini benar-benar  sangat tidak layak karena segala fitur yang ada tidak memumpuni dari server yang sering down, upload foto yang sering keliru di bagian pemotongan, deteksi angka yang tidak otomatis, tidak ada nya fitur edit untuk data panwas, saksi dan pps, dsb semoga di pemilu berikutnya aplikasi ini bisa di perbaiki lagi ya dan di buat lebih user friendly agar mudah di pahami sama pengguna yang masih newbie",1
Just Putra,"niatnya sudah bagus cuma kurang memanfaatkan waktu untuk mempersiapkan aplikasinya saja. verifikasi dokumen terlampau lama keburu form c hasil dikembalikan ke pps, sebelum di update sebenernya sudah bagus bisa tulis hasil secara manual jadi bisa double checking. kualitas kamera dari aplikasi juga terlampau buruk dan tidak ada fitur flash nya.",2
Kholikul Bari,"gimanan ini foto si rekap tidak bisa jernih tidak bisa seperti bawaan handphone yang bisa di atur, hasil gambar kadang tidak akurat harus edit sendiri, untuk server di akses banyak orang eror, data yang sudah di submit tidak bisa di ubah, tampilan sederhana tidak menarik, saran untuk kedepannya mending di uplod saja scan melalui camscaner biar jenih tidak buram hasilnya pun lebih maksimal tidak merepotkan si admin rekap tps ada tugas lain dan tingkatkan lagi servernya biar tidak eror",1
the wolf,"please benerin post processing untuk foto c hasil nya, saya temui di beberapa handphone hasil foto jadi burik (pixleated) padahal reso sama 1000x1700 an.. tapi kok di saya hasil nya jadi kaya burik banget yah.. terus bug nya di beberapa handphone .. circle bar nya muter terus saat kunci dokumen.. hadeh.. saran juga nih.. crud nya tolong di terapin.. gaada edit ama hapus loh di opsi tambahkan saksi, pps dan panwas.. ini gimana sih wkwk.. tambah lah.. kita semua manusia kadang juga bisa salah input dan perlu edit",1
Wika prawita sari,"saat menggunakan aplikasi sirekap tidak bisa mengunci dan membuat dokumen, tapi setelah uninstall dan di instal ulang baru bisa bekerja, tapi tidak untuk semua diulangi cara yang sama, malah katanya akun di nonaktifkan. ini cara ngatasinya gimana ya? kalau seperti ini kerjaan tidak akan pernah selesai",1
Fajar Agus Maulana,"aplikasi gagal. banyak bug, over akses jadi lemot, kamera tidak bisa di fokuskan dan kualitas gambar tulisan jadi blur kenapa gapake kamera bawaan handphone kaya daftar hadir. unggah gambar tulisan ""tunggu sesaat"" tapi 3 hari blum selesai proses pengunggahannya. cara pengaplikasianya cukup mudah. tapi ya seperti tadi contohnya aplikasi gabagus buat pemilihan yang minta cepat tapi aplikasi banyak masalah.",1
Starlex_104 channel,"saran dari saya, ai input yang bisa di edit. tambahkan coding (bila online, tetap dapat diedit kalau memang mau dikoreksi. jika offline, nanti setelah lengkap baru upload). tidak harus metode offline dengan online. agar tidak kejadian seperti ini (banyak kpps yang tidak upload) gara"" verifikasi saat online (lupa mengaktifkan mode pesawat). untuk total suara sebaiknya dikunci, dan menghitung otomatis dari data yang telah diinput. aplikasi dibuat untuk mempermudah, bukan mempersulit.",1
Arsyi J,"aplikasi yang menyusahkan dalam perhitungan kpps 1. foto kertas selalu tidak akurat 2. server sangat lemah (mungkin kurang anggarannya, butuh dana lebih rp.100m) 3. aplikasi tergolong gampang di jebol karena tidak server sided 4. sangat menyusahkan pengguna karena tidak bisa ambil foto dari storage handphone 5.aplikasi tergolong lemot masih banyak bug dan pengembangan yang lambat dan asal asalan (saya menggunakan sdm 7+ gen 2 tetapi aplikasi masih sangat lambat) 6. masih banyak sampai no 13 dsb",1
Bang Maul,"bukan mempermudah malah mempersulit,mulai dari sinyal padahal pake aplikasi lain lancar lancar aja,kualitas fotonya jelek percuma penerangan bagus tulisan bagus kalau fotonya burem mah,terus pendeteksi angka nya juga parah masa angka 1 terbaca angka 7 lah 6 lah 4 lah padahal udah di tarik lurus tidak pake topi angka lain nya juga sama,,, kalau niat mau pake aplikasi coba buat dari lama, ini mah satu bulan mau di pake baru bikin haduuuh parah,jadi kpps sekarang cuma buat uji coba parah parah",1
Muslimin,"saya kasih tau waktu di lapangan yah min. 1. app kurang membaca 100% , x terbaca 1 2. tombol online dan offline tersebut cuma pop up jadi agak sedikit merepotkan 3. sesi yang terlalu pendek dan ketika sudah mode offline lalu kembali ke app harus online dulu 4. terkadang di tabel edit ada yang bisa di edit dan ada yang tida 5. ini yang paling nyebelin , kelebihan muatan sehingga keluar kode 504 sampe ahir pemilu rampung tolong lah min perbaiki dan servernya yang 2jt pengguna bisa nampung.",1
Bbirong Dan,"aplikasi butut, herannya kpu dikasih waktu 5 tahun untuk buat ni aplikasi tapi hasilnya malah seadanya, kayak tidak niat buat (lebih ke ""hemat budget"" mungkin). tidak bisa unggah foto dari galeri, kualitas foto jadi jelek banget + blur, tidak ada flash, sudah diunggah suka minta foto ulang yang mana itu buat repot. lain kali kalo diamanahkan untuk buat aplikasi tolong buatlah dengan sebaik mungkin, masukan dari teman"" yang sudah diulas tolong dipikirkan.",1
Khoirul Tamam,"aplikasi gagal. suka nge bug, over akses bikin lemot, kamera tidak bisa di fokuskan dan kualitas gambar tulisan jadi blur. unggah gambar tulisan ""tunggu sesaat"" tapi 3 hari blum selesai proses pengunggahannya. cara pengaplikasianya cukup mudah. tapi ya seperti tadi contohnya. aplikasi pemilu dari tahun 2019 sampe sekarang tidak ada perubahan.",1
Daniel Nugroho Wicaksono,"masih banyak kekurangan. salah satunya tidak bisa mengaktifkan lampu flash saat mau foto. coba ditambahkan fitur menyalakan flash, untuk membantu saat foto. mungkin kedepan bisa dipikiran yang discan adalah c-salinan yang berukuran a4, dimana sekarang hampir tiap tps dilengkapi dengan printer yang bisa scan dan copy.",3
Nick Names,"made in pemerintah dari dulu gini mulu ya. minusnya tidak bisa auto focus (fitur utama sebuah aplikasi yang menggunakan kamera), tidak bisa menyalakan flash (fitur tambahan untuk memperjelas objek foto), tidak bisa pake foto di galeri (fitur tambahan jika minta foto ulang). dan server kurang kuat",1
Hadi pramana,"sy beri rating 4 bintang sbg bentuk apresiasi. aplikasi ini belum bisa bekerja maksimal terutama ketika proses membaca / menganalisis foto form c hasil plano yang kita upload sangat2 lama sekali, sampai 5 hr setelah tgl pemilu masih belum selesai proses. sehingga kita tidak bisa mengunci dan membuat dokumen c hasil. saya berharap kedepannya bisa lebih baik terutama dalam daya dan kapasitas servernya.",4
All Hudha,"aplikasi yang gagal udah foto beberapa kali tapi masih belum di kenali, bukannya membantu jalannya pemilu malah mengganggu. tolong sebelum di realis aplikasinya harus sesuai dengan kebutuhan dan fasilutasnya sudah memadai jangan masih dalam perbaikan tapi sudah di gunakan.",1
Moh Ikhsan Purnomo Al-Bairuny,"dimohon dengan hormat untuk instansi terkait, klo semisal sudah terbaca oleh aplikasi dimohon perbaiki lagi servernya. padahal jaringan yang sya pakai sangat stabil dan perangkat yang digunakan pun memadai sesuai arahan yang sudah diumumkan jauh-jauh hari menjelang pemungutan suara.",1
I Putu Subawa,"kalau belum sempurna tidak usah di pakai dulu, petugas kpps sudah pusing, di tambah aplikasi yang bobrok. laporan c hasil tidak bisa di edit. login lama. upload data lama, dan sering log out sendiri. intinya sempurnakan dulu, baru di pakai.",2
Kristiani,"aplikasi paling jelek diantara aplikasi-aplikasi yang ada di play astor, aplikasi yang selalu minta update, pas dihari ingin di gunakan banyak kendalanya, bikin nambah pusing untuk kerja, tolonglah kalau aplikasinya masih di kategorikan abal-abal ni, di perbaiki lagi biar bisa lebih baik kedepannya tidak ada kendala dll.",1
Nofia Abdilah,"tolong lebih ditingkatkan lagi, terutama kamera agar fokus dan dikasih flash.. upload terlalu lama dan data yang terbaca salah jd harus edit sendiri.. sangat membuang"" waktu dan memperlambat kinerja. fitur edit ditambahkan, jangan skali pencet tidak bsa berubah lagi  agar bisa di edit sampai data bner bner sesuai.. cukup membantu dr pada yang sebelumnya tapi banyak nyusahinnya ini aplikasi ",2
Kesit Dwi Sucahyo,"aplikasi sangat tidak layak digunakan, tidak akan mempercepat tapi malah mempersulit mohon disempurnakan lagi, sangat banyak kekurangan: 1. pada saat handphone posisi online di aplikasi terdeteksi offline 2. saat unggah foto aplikasi tidak benar "" bisa membaca angka di c. plano 3. unggah foto pada menu dpr waktunya sangat lama dll.....!!!!! masih banyak kekurangan ! !!!!!!",1
Ardi Kurniawan,"sedikit saran ttg aplikasi ini, aplikasi ini agar bisa mengakses kamera utama supaya gambar yang di ambil lebih tajam hasilnya, karena  selama uji coba kemarin gambar yang di ambil rata"" blur walaupun pencahayaannya cukup, padahal banyak teman"" sirekap punya device yang lumayan bagus dr segi kamera. hasil gambar itu juga sangat mempengaruhi saat upload gambar yang sering gagal/tidak terbaca oleh sistem, mohon untuk diperbaiki atau ditingkatkan. terima kasih.",2
Fatima zaura,"mempersulit, sepertinya aplikasi nya belom layak digunakan. angka yang terfoto dengan yang terbaca tidak sesuai,kadang juga tidak terbaca. bisa di edit jatuhnya nyalin hasil. mohon di tingkatkan terimakasih.",1
Mulya Akbar,dari instansi bersangkutan.... alangkah bagusnya sebelum dilaksanakan pemilu aplikasi sirekap diuji coba dulu dalam riset dan diambil sampel yang banyak agar tau kelemahan dimana supaya bisa diperbaiki. jujur untuk sekarang aplikasi sirekap banyak kelemahannya terutama dalam hitungan suara di sirekap dengan plano yang terjadi ketidak sesuaian dalam hitungan suara yang tidak bisa diubah atau disesuaikan dengan plano. ada apakah itu pihak penyelenggara.....? mohon perhatiannya dan terima kasih ,1
Megy Rizal,"aplikasi parah. sekelas pemilu aplikasinya kok begini. mulai dari sering eror, ada instruksi harus ofline tiba2 harus online, dan anehnya beda hasil antara hasil real dan pembacaan hasil di aplikasi. dan itu tidak bisa diedit oleh operator sirekap! kalau seperti ini gmn tidak dinamakan curang?",1
Taryumi Taryumi,untuk pengambilan gambar padahal secara otomatis sudah pada titik posisi yang pas tetapi kenapa hasilnya selalu ada keterangan pengambilan gambar salah padahal sudah di update ke versi terbaru tolonglah tingkatkan lagi kualitasnya kecepatannya dan sistem nya di perbaiki lagi kalau begini terus sampai hari h ujung ujungnya ya pakai salinan rekapitulasi secara manual,1
Yanwar Ramadhan,"untuk developer mohon maaf nih aplikasinya masih bobrok sekali, 1. server sering down ( sepertinya anggarannya kurang banyak kah buat isi dompet? ), 2. kamera dari aplikasi tidak bisa di buat fokus manual + gada fitur flash padahal untuk penghitungan bisa sampai malam hari sehingga kualitas foto sangat jelek, 3. uji kelayakan minimal 1 tahun-1 bulan sebelum pemilu kek supaya kpps tidak terbeban i waktu hari h karena sudah kurang tidur tetapi juga harus mengisi di aplikasi yang masih bobrok",1
yabes vridman,"aplikasi sudah bagus, hanya saja masalahnya adalah aplikasi ini banyak kekurangan.. yaitu crut yang pastinya seorang orang pemograman berbasis dekstop developer ngertilah ..kalau saja ada crut kita bisa mengubah atau menghapus adanya pendobelan kata atau mengedit ulang kata yang salah.. jadi saran saya ada tolong perbaiki ulang aplikasi ini sehingga pengguna merasa nyaman menggunakan aplikasi ini",1
Sule Shdn,"aplikasi sering log out sendiri, selain itu ketika scan foto tidak langsung keluar hasil harus di foto berulang-ulang baru ketemu hasil yang pas. menurut saya itu justru mempersulit & menambah durasi kerja anggota, tujuannya jelas baik untuk mempercepat pekerjaan dengan digitalisasi. cuma pada kenyataannya aplikasi belum final untuk bisa di terapkan.",1
042_Fahriza Gymnastiar L,"sangat banyak kekurangan, aplikasi yang tujuannya untuk memudahkan malah lebih mempersulit. pembacaan angka banyak salah, terutama x sering dibaca 8. kemudian untuk aplikasi yang sepenting ini, tidak ada opsi untuk mengedit saksi, pps, panwas, waktu pemungutan, dan juga waktu perhitungan. jika salah mengisi, maka tidak ada jalan kembali, kecuali direset langsung dari pusat",1
Uswatun H.,"saran agar ada opsi tambah foto dari galeri. gambar yang di masukan sudah sesuai dan sudah ada tanda kuning di setiap sisi tapi ujung2nya di minta untuk upload ulang atau tertulis ""gagal memuat data gambar. tolong periksa koneksi internet anda"" padahal koneksi internet baik dan sudah beberapa kali coba ganti tempat dan hotspot dari beberapa handphone masih tidak berubah. bukan mempermudah tapi malah menghambat. mohon maaf, hpnya musti se-sultan apa agar bisa menggunakan aplikasi ini dengan lancar :')",1
Imanuel Christian,"aplikasi jelek, membuat saya kerja 2x dengan data yang terhapus sendiri. login susah, angka nomor plano banyak yang harus di betulkan sendiri oleh user supaya tepat (percuma juga bila plano di tulis dengan angka digital supaya dapat terbaca, nyatanya tidak terbaca), harus memfoto ulang beberapa foto sementara hasil manual sudah di kirim ke pusat.",1
think centre,"ni aplikasi tidak ada beta test ya? kendalanya terlalu banyak. kamera burem, baca data lama, salah baca data, log out pas kirim gambar, finger tidak di kenali dst. oke inisiasi bagus untuk era digital, memudahkan input data kpu ataupun mengetahui hasil suara secepat mungkin. tapi sangat membebankan untuk kpps, bukan cara mengoperasikan aplikasinya, tapi kesiapan aplikasi ini sendiri. saran saya, jangan di paksakan. daripada malah terjadi hal2 yang tidak diinginkan.",1
Andi Gambayana,"sarannya bagi pengembang yaitu pada bagian hasil pemilu diberi menu koreksi. karena hal ini akan terjadi kendala apabila tulisan digital tidak sesuai yang di baca aplikasi, jadi operator bisa mengoreksi hasil sesuai dengan hasil asli dari pemilu. belum hari h pemilu 2024 sudah susah bagaimana solusinya, mudahkan sistem jaringan di aplikasi lain kekuatan data kuat begitu masuk app sirekap data down dan pembacaan huruf dan angka dipermudah jadi ngk menghambat operator sirekap.",4
Muhamad Haviz,"aplikasi ini masih banyak masalah, terutama bagian interface yang masih error, memasukan data yang tiba tiba ter-log out, tiba bisa sinkron antara huruf dan angka, saya saran kan untuk bisa menginput data melalui ketik keyboard tetapi sebagai bukti kalau data tetap valid menggunakan scan foto, dan bisa di optimalkan kelancaran dan performa aplikasi untuk di berbagai device terutama os android 7 dan keatas terimakasih",2
Tulus Rahyadi,"aplikasi level nasional, tapi servernya lemot. apakah saat membuat aplikasi ini tidak memperhatikan ui ux, atau tidak menggunakan analisis swot atau pieces.? kelas nasional tapi kayak amatiran banget. kalau memang diakses seluruh indonesia, harusnya dipersiapkan dahulu jaringan dan servernya sebaik mungkin, biar tidak merepotkan petugas. bintang ulasan akan berubah sesuai dengan kemudahan user saat menggunakan aplikasi. edit ulasan paska pemilu, intinya aplikasi ini tidak bermanfaat. thanks.",1
puji astuti,"katanya bisa offline, tapi saat di gunakan malah jadi tidak jelas dan tidak bisa di pake. kamera aplikasi juga tergolong burik, mau pake kamera bawaan handphone tapi fotonya tidak bisa di masukkan di aplikasi, padahal hasil foto kamera lebih jernih dan jelas. hasil camera aplikasi malah tidak terbaca.",1
Rizky Alam Setiawan,"selain kekurangan kualitas kamera untuk pembacaan c-hasil pada aplikasi yang masih kurang baik kualitas kamera nya pada saat unggah foto kelola daftar hadir cuma bisa 1x foto, tidak ada fitur tambah foto, sedangkan untuk daftar hadir saja lebih dari 1lembar begitu pun untuk fitur tanda terima dan kejadian khusus juga cuma bisa 1x foto ",1
Muhammad Taufiq,"aplikasi masih banyak kekurangan, kamera tidak bisa difokuskan selalu blur padahal penerangan sudah maksimal sekali, sampai h-6 masih ada update aplikasi, harusnya h- beberapa bulan sudah tidak ada update lagi, login susah, sudah hampir tidak tidur dan aplikasi bermasalah dan kpps masih disalahkan, jika ada rating minus sudah saya kasih rating minus",1
DEEAN,"banyak bug malah bikin mempersulit, tidak jelas, tidak bisa mengirim foto lewat file, yang tadinya sudah di foto setiap plan c, eh tidak bisa dikirim tapi harus di scan langsung, jadi plan c yang sudah tersegel terpaksa harus di buka kembali, ux tidak simple, intinya malah mempersulit",1
Putra Wiguna,"jangankan nanti saat pelaksanaan untuk mengirim data, sekarang saja sudah tidak beres aplikasi tidak bisa dibuka, user dan pasword sudah benar tapi jawabannnya ""terjadi kesalahan"" ujung-ujungnya hasil penghitungan suara manual /hasil plano yang akan dipake ""belajar dari pemilu sebelumnya"" aplikasi hanya sebatas aplikasi",1
Anti Gusnawatialwi,"aplikasi yang membuat pekerjaan dua kali lipat krn selalu log out dan hasil foto tidak sesuai dengan hasil yang sebenarnya, diedit lagi nambah beban kerja pemakai sirekap krn utk menghindari fitnah atas kerja keras tak mengenal waktu, upload foto berhasil tetapi jika ingin liat verifikasi kesamaan data utk submit justru sangat sulit dan itu jadi kendala utama.",1
Dsptr A,"kenapa aplikasinya pas ingin ambil ulang gambar malah keluar sendiri??!!! padahal chance dan data sudah berulang kali coba dihapus tapi tidak ada perubahan,,,,,galeri semua foto sudah dihapuss tetap saja tidak ada perubahan juga.",2
Fazruni Ika,"aplikasi yang sangat tidak berfungsi sama sekali, walau sudah di update ke 2.41. login berhasil, tidak ada masalah.... hanya pada saat ambil gambar ( foto ), notif selalu failed ( gagal ). harusnya meringankan tugas panitia, malah nambah2in beban.",1
Nurul Rasaki,"aplikasi nya sama sekali tidak worth it, update nya sering error sering juga, pas nge foto lama nunggu loadingnya, apalagi kemarin pas pemilu malah tidak bisa digunakan, jadi tolong dong kalo mau digunakan lagi benar-benar  di perbaiki jadi lebih baik lagi, karena saya sangat kesusahan saat pemilu, udah cape2 memfoto c-hasil dll trnyta malah error jadi percuma saja jadinya, mohon untuk membuat aplikasi yang benar-benar  berguna",1
muhamad arif,"hampir h-1 masih sangat banyak bug. terkhusus 1. angka di c hasil dan hasil scan sangat sering tidak singkron dan kalau di ulang ambil gambar hasilnya sangat jauh,bahkan saat simulasi banyak rekan rekan kami yang harus ber puluh puluh kali mengambil gambar karena hasil yang tidak bisa dikoreksi. 2.gambar pada sering kali buram padahal device sudah sangat memadai. 3. sering log out dan loading lambat sekali. 4 . upload data sangat sulit karena server full. "" digitalisasi elit kualitas sulit'",1
Fatichatu Musyafa,"padahal sudah versi terbaru (9 peb) tapi masih sangat jauh dari ekspektasi, maunya untuk mempercepat progress dengan data otentik, tapi malah memperlambat mohon diperbaiki, waktu penggunaan makin mendesak terima kasih",1
Muhammad Faisal Riza,"hasil foto buram karena  settingan bawaan aplikasinya pakai kamera ultra wide bukan main kamera utama, kalo handphone kurang mahal spek kamera ultawide kurang tinggi susah . bukannya mempercepat malah memperlambat proses karena  harus coba terus , fitur settingan kamera tidak ada , fitur fokus kamera juga tidak ada",1
Teja kusuma,"gimana nih h-2 masih sering error aplikasinya sering logout waktu sehabis pengisian data² dan tidak bisa masuk kembali padahal username dan password sudah diedit dan benar. begini lah hasilnya jika memaksakan kehendak,server belum stabil dipaksa dipakai apakah nanti mau menyalahkan operator karena tidak kompeten ??? padahal aplikasinya yang tidak kompeten dan belum seharusnya untuk digunakan. . . .parah banget",1
evi magdalena,"aplikasi ini bersekala nasional namun sulit di gunakan, memang bisa menggunakan nya secara offline tapi aplikasi sulit untuk mengidentifikasi gambar dan data pahal hasil gambar sudah sangat jelas, saya harap ini bisa di perbaharui kembali karena aplikasi sangat di butuhkan ",1
Maha Lina,"aplikasi ini suka berubah yang difoto apa yang keluar apa, hasil bisa diedit kesannya hasil pemilu bisa diotak-atik kurang bagus ini aplikasi, banyak lelet loading lama.",1
Momogi,"aplikasi tidak layak pakai, tulisan jelas namun tidak terbaca, slide 2 ketika edit tidak muncul keyboard, banyak tanda x terbaca 8, lambat dalam memproses gambar dan data.",1
Faiz Elnino,"bugnya parah. di tps rata2 dpt 300, tapi kok bisa input total 180*** suara. logicnya tidak masuk, seharusnya kalo salah input tidak bisa diupload. minimal dikasih warning/alert biar petugas data entry-nya bisa koreksi.",1
Daa Ciel,"tolonglah untuk kpu/developer aplikasi ini, kalau aplikasinya belum siap dan masih banyak kendala, lebih baik jangan digunakan. di ujicoba jangan menjelang mau ada acara pemilu, ini kan jangkanya panjang, 5 tahun sekali utk pilpres, bisalah dperbaiki sedikit2 apa yang masih terkendala, jangan baru di ujicoba n perbaiki beberapa bulan sebelum acaranya.",1
Jacky Duke Cervantes,"gak bisa sign-in. ini aplikasi curang oleh pengembangnya karena jumlah suara di tps-tps yang dimasukkan kedalam aplikasi ini bisa berubah jumlahnya secara otomatis seolah-olah ada yang mengubahnya. contoh : jumlah suara paslon 02 di tps hanya 70 suara, tapi yang keluar di aplikasi jadi 870 suara. pasti kpu disuruh dan dibayar oleh paslon 02 prabowo-gibran nih....  laporin saja ke playstore spy aplikasi ini dikeluarin dari playstore.",1
backup hp,"parah banget aplikasi ini algoritmanya seolah olah seperti sudah diatur sesuai pesanan, diperbaiki yang satu yang lain malah berubah, server lemot parah, pemindaian angka tidak akurat banyak kesalahan, heran aplikasi buatan pemerintah tapi interface sekelas aplikasi warnet... anggaran triliunan bikin 1 aplikasi ajah kaga pernah bener?",1
Buchory Imam,"sebenere bagus,, sayang sistem untuk pengambilan/upload file sulit,terlalu rumit, seandainya untuk koreksi di sediakan file/salinan c hasil tersendiri yang ukuran bisa di jangkau untuk pengambilan gambar,lebih enak.. dan aplikasi belum siap betul.. masih sering eror.",3
Husni Luthfi,"jangankan sampai ke tahapan mempermudah ini malah mempersulit, apload sulit, ui dan ux terkesan asal jadi bikin ribet. entah vendor atau internal tim kpu yang buat, kalian tidak pake qa kah sebelum deploy aplikasi? kalau aplikasi kayak gini sampe tanggal 15 subuh belum bisa upload tidak ada exit plannya?. tujuan aplikasi ini kan untuk memecahkan masalah soal input hasil tps agar mudah, tapi malah input hasil tps tetep susah, ditambah aplikasi yang susah jadi malah ada 2 masalah sekarang.",1
ARINA MAZIDA ILMA,"mohon ditambahkan beberapa menu mode kamera yang akan digunakan, beberapa kamera handphone auto mode 0,5 tidak bisa dirubah ke mode normal/optimal ... sehingga banyak masalah gambar tidak terfoto dengan jelas... ketika uji coba upload foto yang ada log-out log-in sendiri.. alhasil beberapa kali ganti password.. dan bahkan banyak yang fotonya tidak terkirim dan itu sangat-sangat menghambat proses pengiriman foto sirekap.",1
Dummy Lgr,"kualitas gambar untuk foto simulasi burem tidak jelas, dalam aplikasi tidak ada fitur buat fokusin camera, jadi banyak banget kesalahan baca data dan ada beberapa bug juga untuk kunci data & buat dokumen pdf loadingnya lama banget, bahkan ada yang tidak bisa sampai berhari2 mungkin itu bug tolong diperbaiki, pemilu tinggal berapa hari lagi.. ini aplikasi bisa dibilang belum berfungsi secara optimal!",1
ARIF SIDIK PRASETIYO,"aplikasinya terlalu banyak manual, bukan mempermudah tapi  memperlama, penjumlahan masih manual tidak otomatis, jika terjadi ketidak sesuaian suara hanya diberi tanda saja dan tidak bisa mengubah angka yang sebenarnya.ketika kirim foto mental, ketika foto c hasil meskipun buram tapi tetap lolos verifikasi, tidak bisa hapus foto dan edit jumlah suara sebelum mengunci dokumen. ketika login sulit. ketika mau kirim pdf ke saksi/pengawas mental lagi, kalau belum siap jangan dipaksakan",1
ronaa ulii,untuk aplikasi sekelas nasional ini benar benar jelek. unggah gambar susah dibuat mode pesawat bisa tapi harus masukkan angka secara manual. belum lagi untuk membuat dokumen pdf nya lama mulai sore sampai pagi tetap tidak bisa dibuat. untuk tim pembuat aplikasi kalau ada komen komen gini tolong dibaca dan diperbaiki karena yang memakai aplikasi ini kan kpps untuk kelancaran pemilu juga. besok yang buat lama bukan penghitungan suara tapi sirekap bermasalah. bukan mempermudah jadi mempersulit,1
dns yt,"bukannya mempermudah, malah mempersulit. login error, susah, lama. kualitas upolad gambar jelek, tulisan bagus malah tidak terbaca, verifikasi gambar juga lama, membuat berkas ke pdf juga lama. tolong segera diperbaiki jika memang berniat mempermudah !!",1
Marzuki Jasin,"segera perbaiki menu detail pemilihan, sebab gagal lakukan koreksi hasil pengambilan foto form c, periksa form c hasil, dalam jendela periksa kesesuaian data, hanya bisa kasih x (cross) tidak sesuai, tapi jumlah yang perlu dikoreksi tidak muncul editable box nya. terima kasih.",1
Septia Widio Warman,"aplikasi belum layak untuk dioperasikan 1.bisa dilihat dari komenan kawan2,pas unggah selalu logout sendiri. 2.kualitas gambar,bukan kesalah spek android,camera saat poto biasa jernih dan fokus,diaplikasi ini hasil poto buram dan tidak dapat difokuskan secara manual,mungkin mengingat kualitas gambar hd memakan penyimpanan besar mungkin,tapi ini kualitasnya buram,terlalu kecil,tolong perbaiki secepatnya,!!!",1
Abiel Thea,"mohon dibenahi kembali, tulisan x kadang sering terbaca jadi 8, hati-hati buat kawan si rekap walau tulisan sudah hijau itu belum tentu data sama dengan yang sudah difoto. semoga secepatnya si rekap ini berfungsi dengan semestinya pada hari h nanti dan mempermudah merekap data selayaknya.",2
Eka Aulia,berdasarkan hasil pengalaman simulasi banyak sekali kendala dari sistem nya awalnya pengiriman foto kadang berhasil terkirim tapi proses nya ngak bisa padahal kualitas fotonya menurut kita liat sudah sangat memadai . foto dpr yang saya tes satu yang terverifikasi ngak bisa kita coba lanjut untuk mengunci dan pdfkan karena tidak selesai semuanya ... sudah berulang kali di coba tetap ngak bisa di proses,1
Panji Syuhadak,"aplikasi di bwt untuk formalitas aja, mangkanya tiap kali di perbarui aplikasinya, tidak ada peningkatan kualitas baik aplikasinya yang kurang stabil maupun server yang di gunakan. sehingga pas waktu pencatatan hasil pemilu melalui aplikasi seringkali terjadi error.",1
agung susilo,"masih belum stabil dan masih banyak pr. 1. login yang sulit di beberapa perangkat 2. kualitas ambil foto buram 3. ketika setel waktu pemungutan suara,aplikasi berhenti/ force closed 4.ketika akan berpindah dari nasional 1 didalam aplikasi, aplikasi berhenti/forced close 5. pembacaan hasil pengambilan gambar memerlukan waktu yang sangat lama 6.kesalahan pengambilan gambar yang terus berulang",1
Laras Shantika,"sering sekali app log out sendiri, hasil gambar jika memang kurang jelas mohon ada peringatannya jadi bisa difoto ulang mengingat fotonya juga tidak bisa diambil dari galeri. tulisan yang tidak terbaca mohon diberi peringatan jg, karena jika meng klik detail sering terjadi problem shg membuat sulit petugas :(( mohon diperbaiki lagi",1
DQ_ Photography,setelah update ke 2.32 tidak bisa login. loading nya lama. padahal pakai ram 8gb. internal juga masih banyak penyimpanannya. mohon tingkatkan lagi untuk kualitas fotonya. sangat beda jauh hasil dr kamera langsung sama dr aplikasi si rekap. sehingga sangat susah untuk membaca batas / garis / april textnya walaupun pencahayaan sudah cukup bagus.,1
muhammad ardiansyah putra,"developernya lebih baik mundur saja, tidak profesional dalam mengembangkan aplikasi untuk acara penting seperti ini. tujuan digitalisasi adalah memudahkan dan mengefisiensi waktu, tapi tidak dengan aplikasi ini, mempersulit, menghabiskan banyak waktu, dan menambah pekerjaan bagian it kpps. foto tida ada stabiliter/auto fokus, selalu gagal dalam verifikasi foto meskipun difoto dalam posisi sempurna, sering log out ketika kirim foto, nunggu upload foto terlalu lama dan ujung ujungnya disuruh ngulangi.",1
Robi Gunawan,"sekiranya belum siap dengan digitalisasi engga usah dipaksakan, daripada nanti di lapangan menghambat. untuk menyesuaikan foto sampe muncul bingkai kuning saja susah sekali. ada yang nyoba nyampe 200an kali jepret tapi tetep tidak muncul bingkai kuning di foto",1
Anas M. Luthfi,"sampai saat ini versi 2.41, mohon untuk fitur kamera lebih ditingkatkan.. karena aplikasi tidak sinkron ke lensa utama handphone tetapi malah sinkron ke lensa ultra wide, yang menyebabkan hasil foto kurang maksimal bahkan kurang jelas untuk membaca teks maupun angka",2
Iqbal Maulana,"tujuan dibuatnya aplikasi adalah untuk mempermudah bukan untuk mempersulit & menguji kesabaran, mau login saja susah saat inisialisasi, aplikasi diperbaharui malah akun jadi invalid username/password, saat upload gambar hasilnya kurang jernih & fokusnya tidak merata. setidaknya kalau hasil foto dari aplikasinya kurang bagus tolong dikasih opsi buat upload foto dari gallery. baru simulasi saja susah apalagi pas hari h",1
ahmad shofie muntaha,"tolong untuk disempurnakan lagi fiturnya, tidak ada autofokus pada saat scan membuat gambar susah terdeteksi dan gagal berkali-kali pada saat hendak mengirim ke server. pemrosesan gambar juga sangat lambat, dan aplikasi hanya sekali input, membuat kalau ada kesalahan tidak dapat dikoreksi",2
rio oioi,"untuk developer tolong yang maksimal dalam pengembangan, aplikasi belum mateng seperti ini jangan berani rilis! pemilu tinggal besok,udah di pakai buat bimtek malah problemnya macem2 dari yang invalid username dan password, masih ada yang belum bisa login, kasian bos yang pegang aplikasi nya sabarnya sampai habis! jaringan bagus di bilangnya aplikasi tidak ada jaringan/offline tidak bisa buat upload. daripada kacau saran saya di siapkan dulu secara matang 2-3 tahun di trial and error baru di lepas",1
Cici Aminah,"sangat sangat menguji kesabaran device realme c25s ternyata tidak bisa akses guys kebetulan saya mengalami setelah saya coba ke device samsung ternyata bisa,,,, padahal spesifikasi device sudah sesuai tapi tidak menjamin ternyata,,, saran untuk kedepannya jika memang aplikasi digunakan untuk mempermudah proses pemilu sebaiknya dipersiapkan sebaik mungkin jangan seperti ini banyangkan sudah h-8 hari tapi aplikasi masih banyak kendala..... alhamdulillah guis setelah diupdate udah gampang loginnya",1
Heri Cahyono,"username dan pasword salah terus padahal dari awal saya masuk saja gabisa, apalagi ganti pasword, ini maksutnya gimana..?? username sama pasword sesuai yang di kirimkan sama aktivasi kpu.. persiapan dari pembuatan aplikasi/sistem kayaknya kurang.. kalau jaringan/penyimpanan pengaruh, saya memakai device ram 8/256, dan menggunakan wifi yang hanya saya saja yang pake.. karena sengaja untuk masuk di aplikasi ini aja..",1
Sipa Indriani,"adanya aplikasi untuk mempermudah dalam proses nya nanti, tapi kalau di awal saja udah begini, banyak eror, sistem tidak jalan. yabuat apa, tolong untuk aplikasi nya disiapkan lebih matang tahun depan. bintang 3 dulu, nanti semisal apknya ada peningkatan rate ulang.",3
Wisnu Mandoyo,"sebelumnya saya ingin mengapresiasi digitalisasi dalam aspek yang berkaitan dengan pemilu tapi harusnya aplikasinya dikembangkan sejak lama. ini kesannya terlihat seperti baru dikembangkan kemarin sore. jangankan untuk masuk dan menjalankan, inisialisasi nya saja susah. entah time out, error lah dan sebagainya, bukannya memudahkan malah menambah masalah rasanya.",1
abdul choliq,"kalo gambar sudah diverifikasi, sudah tidak bs dihapus ato ambil ulang gambar, padahal belum dikunci, dan masih banyak kendala lainnya, salah satunya angka hasil scan yang muncul seringkali tidak bs diedit, hal ini berpotensi memperpanjang durasi kerja kpps dibanding thn 2019 kemarin.",1
"Setyo Utomo, ST","* sudah berhasil login...eh setelah aplikasi ditutup malah error. * ada kemungkinan memperlama waktu penghitungan karena sirekap harus ambil foto langsung dari c plano, tidak bisa dari hasil foto yang di file. * bagusnya bisa diambil dari file agar sirekap bisa foto c plano terlebih dahulu tanpa mengganggu proses penghitungan selanjutnya. * semoga ada perbaikan, biar bintang saya tambahkan.",1
Kontesa Ameliya,kualitas kamera aplikasi nya jelek. hasil foto jadi buram. ku kira bakal otomatis seperti hasil scan terang dan jelas tapi ternyata tidak. login susah. upload susah. verif lama. bukan mempercepat tapi memperlambat. jika belum siap tidak perlu memaksakan hanya menghambat.,1
Beny Abdurrahman,"aplikasi belum siap, tapi dipaksakan. apalagi pemilu sudah tinggal menghitung hari. di handphone saya ketika loading terus muncul notifikasi ""terjadi kesalahan dalam penyiapan perangkat, pastikan anda terhubung ke internet"" padahal paket data jelas sudah aktif, pake wifi pun juga tidak bisa. mohon ditinjau ulang, atau dicek kompatibilitasnya agar diperluas soalnya jenis handphone yang dipakai kpps juga bermacam macam dan tidak semuanya handphone baru.",1
Ade Mita,"aplikasinya kenapa ini di buat login malah gabisa, udah memasukkan pin/sidik jari handphone tapi malah tidak bisa inisialisasi. lebih baik lebih di perhatikan agar tidak mempersulit pengguna nya:) capek kak yang di salahin jaringannya terus pdhl jaringannya bagus banget buat scroll aplikasi lain tidak ada masalah sama sekali jaringannya wkwkwk. tolong lebih di perhatikan lagi aplikasi ini, beberapa banyak juga yang mengalami seperti saya:)",1
Main Nan,"saya berhasil log in dan terbuka menu aplikasi versi 2.30, sukses. tapi disuruh admin grup sirekap update ke versi terbaru 2.32. akhirnya tidak bisa terbuka menu aplikasinya stuck sampai di menu kpu aja...nyesel saya update ke 2.32. tolong diperbaiki. terimakasih",2
Alvaro Tarigan,"aplikasi yang terkesan terlalu dipaksakan...terlalu terburu2...terlalu banyak masalah dan kendala di lapangan....terlalu banyak bug...versi pertama, 2.30 baru berapa hari muncul 2.32, disuruh simulasi...eh, simulasi belum kelar malah ada lagi versi 2.35...trus beresnya kapan?? pemilu tinggal hitungan hari...aplikasi yang kalau tidak bisa digunakan mending gausah diluncurkan...buat ribet...",1
Puput Novatiana,"saya sangat mengapresiasi aplikasi ini tapi tolong karena  ini yang pakai banyak, performa server di pusat diperbaiki karena login saja sulit apalagi kalau upload foto rekapan. interface di aplikasi juga di perbaiki agar lebih enak dilihat dan memudahkan user untuk mengerti. kalau memang belum siap launching jangan di launching kan perbaiki error-error yang ada dulu.",2
Sri Marwati,"tolong kurangi bug, dan permudah login, untuk sinyal kecil juga kalau bisa aplikasi tetap berjalan, soalnya kalau mode offline harus ediy angka satu persatu itu malah tidak mempermudah pekerjaan kpps, misal besok hari h, aplikasi belum matang tolong rubah aturan supaya tidak usah digunakan dulu, daripada menambah bingung dan pekerjaan kpps yang lain keteteran, tambahkan tombol"" edit setelah check gambar agak bisa check ulang jumlahnya, hla ini kalau salah satu kali saja jadi salah semuanya",1
Fajar Rachmat Hidayat,"terlalu memaksakan untuk digunakan, persiapan bisa dibilang tidak ada bukan belum matang, masih banyak bug & error, lemot tetap bisa terindikasi adanya pembobolan data untuk kecurangan suara dilihat dari kualitas kemananan server dan aplikasi yang tidak jelas pada h-11 pemilu",1
Endang Endang,"setelah di update malah tidak bisa masuk, kendala username dan dan password nya salah, padahal username dan password nya yang di gunakan adalah password yang sudah otomatis tersimpan di hp. tidak layak pakai aplikasi seperti ini, bukan nya mempermudah malah ngabisin kuota hadehh",1
Ummi Ku,"saya sangat apresiasi sekali untuk hadirnya aplikasi ini..namun,, waktu simulasi saya beserta yang lain mengalmi beberapa kendala seperti aplikasi salah membaca data yang diambil, hasil pengambilan gambar selalu buram atau kurang maksimal dan mengambil gambar yang berulang2 namun tetap slow respon. untuk kedepannya semoga waktu pelaksanaan di hari h semua bisa terkendali dan berjalan dengan baik.. semoga kedepannya negara indonesia menjadi negara yang lebih maju dengan pemimpin yang baru..",3
Max Roma,dowloadnya lama. saat udah terdowload mau masuk ana pun susah sekali. aplikasi yang benar saja ini? udah mau 2 jam saya bolak balik masuk ke dalam aplikasi tapi susah untuk bisa masuk. selalu saja muncul terjadi kesalahan saat inisialisasi aplikasi (gagal mendapatkan sertifikat digital),1
Miatullabibah,mohon di perbaiki codingan nya untuk scanner nya agar bisa dpt mengscan walaupun foto nya tidak pas. mohon untuk memaksimalkan menu edit karena  saya dapat info dr pps saya jika menu edit pada halaman belakang itu tidak berguna dan harus di edit di pusat. walaupun saat saya edit bisa dan dapat di submit. jika hal ini benar tolong menu edit sampai halaman belakang agar dpt digunakan sesuai fungsinya.,1
syahrul ramadhan,"sebelumnya saya ingin mengapresiasi digitalisasi dalam aspek yang berkaitan dengan pemilu, tapi: 1.masalah log in, banyak error yang terjadi saat login melalui aplikasi, sementara melalui web tidak ada kendala, 2.dibuat panduan elektronik yang jelas berupa video terkait mengatasi permasalah login ini. karena saat bimtek banyak yang tidak kebagian ikut meeting zoom. 3.hendaknya dilakukan pengujian jauh-jauh hari setidaknya 1 tahun sebelum peluncuran, jangan  sampai yang bertujuan untuk mempermudah malah mempersulit. ty",2
Nasirul Haq,"saran saja, kalo program kerja apapun dari pemerintah mau pake aplikasi itu yang sudah teruji bener² bisa lancar buat banyak orang jadi yang pake aplikasi nya tidak kesulitan dan menghambat pekerjaan, karena saya banyak mengalami hambatan saat menggunakan aplikasi nya contoh : tidak bisa masuk dan loading lama, jadi mohon diperbaiki kendala semacam ituu tolong dipertimbangkan, terimakasih",1
Srondeng In One,"gagal terus saat upload foto.. setelah diupgrade malah tambah sulit .. saran saya mending dibuat manual saja, unggah foto itu dijadikan data pendukung saja.. biar cepat.. saya mohon diperbaiki biar lebih cepat dan mudah.. kalo bisa waktu ambil foto/gambar ditambah menu masuk galeri.. foto di aplikasi sirekap tidak bisa fokus..",1
alvin syarif,"aplikasi tertolol yang pernah gua install. loginnya lama, gambar blur tidak jelas tidak ada fitur autofocus. tidak ada fitur ambil foto dari galeri, loadingnya lamanya kek asu. makannya kalau dapat projek jangan dikorupsi biar bisa buat aplikasi yang bagus tidak kek sampah ini. tolol !!!",1
adit cell,"percumah pake aplikasi kalo masih pake metode manual, fungsinya aplikasi untuk mempermudah dan mempercepat, ini malah menambah pekerjaan. pake mode online yang otomatis tapi lama saat nunggu verifikasi foto, disarankan pake mode offline, itu manual input semua datanya.",2
Try Titis Widjayanto,"aplikasi masih banyak sekali bug nya, bolak balik update tapi tidak menyelesaikan masalah yang ada. sepertinya aplikasi dipaksakan tapi kesiapan belum jelas sama sekali. tambahan : kalau ada 2 operator kenapa tidak bisa kerja sma bagi tugas biar lebih cepat, masa kalau operator 1 error ditengah2 proses trs operator 2 harus mulai dari awal lagi?",2
andowattimena,"apk sangat belum siap untuk digunakan, dikarenakan banyak kendala disaat login. kendala pada proses inisialisasi, eror maupun bug dn jika telah login di divice/perangkat satunya, tidak bisa login lagi di divice yang lain, walaupun sudah clear data di apknya itu tidak bisa login lagi di perngkt lain. agar pengembang lebih memperhatikan dn memperbaharui sistim pada aplikasi ini",1
aiugeum,"hasil foto bureng padahal kamera handphone sudah bagus. fitur cropnya tidak berfungsi dengan baik. setelah diupdate malah tidak ada fitur edit untuk kesalahan membaca c formulir, dan untuk edit kesalahan input nama pps, saksi, dan pengawas..",1
Muhamad Rivan,"aplikasi error sering terjadi kesalahan, penanganan server kurang rensponsif.. padahal satu tps yang sama kenapa ada 2 sirekap yang katanya salah satunya hanya sebagai cadangan, tapi pas penginputan data sirekap 1 dan 2 berbeda.. yang jadi masalah takut terjadi kecurangan dengan double data",1
ENGKOY FIDIAN,"saya pake samsung a20s versi 11 kamera aplikasi sirekap sangat buram, tapi kamera bawaan jernih dan jelas, tolong segera perbaiki. tidak ada pemberitahuan sirekap harus menggunakan handphone versi berapa. versi 11 hasil foto buram, versi 7 hasil foto bagus tapi aplikasi keluar terus",1
NDWARAKA,"loadingnya lama, handphone saya sudah termasuk handphone canggih padahal. untuk kamera pengambilan gambar tolong juga diperhatikan, kenapa yang terbaca hanya kamera ultrawide? tingkat ketajamannya jadi kurang, membuat sistem sering salah baca teks.",2
Mira Setyawati,"1. sudah update katanya bisa lebih baik lagi ternyata sama aja. 2. sinkronisasi foto lama 3. kualitas foto jelek tidak ada filter tambahan, sekedar fokus pun tidak ada 4. bisa keluar sendiri karena sesi habis. kalo gitu sinkron fotonya jangan lama2 biar cepet kerjanya 5. mempersulit tugas dan hidup",1
Yuda Purnama,"kemarin belum update, sudah tes upload fotonya, sudah bisa, trs sekarang nyobain buat login lagi eh keluar pop up tidak ada profil yang aktif. trs saya coba update aplikasi nya ke versi terbaru yang 2 februari. cobain login, malah muncul perangkat telah teregistrasi akun lain. gitu terus sampe 3 menitan saya coba², ttep gabisa. trs saya coba hapus chace hapus data apk, bisa masukin data lagi tapi malah stak di mendapatkan kunci digital, udah coba hapus sidik jari trs bikin lagi ttep gabisa. lucu",1
sinyo bastian,"seperti aplikasi kejar tayang, seharusnya aplikasi sudah siap di gunakan dan di uji coba jauh berbulan² lalu sehingga pada saatnya akan di gunakan serentak tidak ada masalah. digitalisasi untuk mempermudah tapi perangkatnya tidak siap malah nempersulit.",1
Self Healing,"kak ini saya tidak bisa login, padahal username dan password sudah sesuai. pemilu sebentar lagi kok seperti ini kinerja nya. harusnya aplikasi sudah selesai dikembangkan sejak lama. aplikasi sebelum di upgrade kita susah2 masuk lho ya kak, pas udah masuk situ malah tiba2 upgrade lagi mending kalo bener, ini itu nyusahin bgt.",1
Anggit D,"aplikasi masih belum seratus persen siap digunakan, knapa? 1. login sering susah/eror, mungkin server belum optimal, ini baru simulasi lho. belum nanti saat pengumpulan data pda tgl 14 nanti. 2. hasil foto diaplikasi sirekap tidak mendukung flash, fitur eis bawaan hp. sehingga foto rawan goyang dan hasilnya blur parah.",1
Alham Igo,"mohon agar dibenahi kembali, aplikasinya sangat belum layak karena pas pengunggahan sering keluar sendiri. dan untuk kameranya juga sangat burem, mohon agar ada menu langsung upload foto saja agar hasil gambar lebih jelas dan jernih.",1
Nico Oksara,sudah bisa sampai ganti password tapi untuk masuk selanjutnya gagal terkait dengan inisialisasi. setelah keluar pas masuk lagi untuk mencoba malah tidak bisa masuk padahal sudah gunakan password yang baru. padahal hari pelaksanaan sudah dekat tapi kendala aplikasi belum terselesaikan...sangat sangat mengecewakan,1
Nita Cahaya,aplikasi penghambat waktu selesai acara pemilu. percuma untuk hasil bisa di gandakan biar tidak banyak nulis dan cepet selesai. tapi dengan adanya aplikasi yang tidak siap ini itu percuma bakal tidak ada bedanya sama tahun sebelumnya bakal tetep pulang subuh lagi.,1
Mhmmd Aldii,"tujuan diciptakan digitaliaasi sudah sangat baik, mengefisienkan waktu, dan membantu data tetap aman. tapi hasil lapangannya belum sesuai target. alhasil sering terjadi bug. salah satunya waktu mau upload data harus ke log out terus login lagi, marker juga tidak bisa terdeteksi, dan peletakan fitur nya terlalu ribet dan tidak memudahkan pengguna sekali, kalo sudah memasukkan data saksi juga tidak bisa dihapus, entah bagaimana cara menghapus nya... semoga waktu hari h tidak ada kendala demikian.",2
Fatur Redmi,"aplikasi yang mlah menyusahkan. fokus foto yang tidak bagus, scan manual, force close, dan jaringan yang sibuk. aplikasi yang dicoba pada saat pemilu belum berlangsung saja sudah punya kualitas yang buruk, apalagi saat pemilu dilakukan.",1
Komar Irin,perbaiki lagi kualitas aplikasinya kalau mau rekapan hasil pemilu berjalan lancar. fix sangat² membagongkan ni aplikasi mencet² tombol sampai jari pegel pun tetep tidak bisa kebaca tuh sidik jari.,2
Rohman Ziady,"aplikasinya berhenti sampai selesai penginstalan saja, setelah itu belum bisa dibuka sejak pagi tadi sampai sore ini. lagian apa iya mau gunakan handphone pribadi untuk input datanya? ini pemilihan presiden, bagaimana kalau saat penghitungan suara ada telpon masuk, ada pesan wa masuk dsb.. kenapa tidak disiapkan menggunakan perangkat lain seperti laptop, pc atau sejenisnya saja.",1
Rizal Rafly Tsani,"dipersiapkan kembali software yang matang. sehingga tidak membingungkan admin tiap tps banyak eror yang terjadi, log in tidak bisa entah karena apa hampir semua mengalami kendala yang sama. h-10 software masih tidak sesuai dengan bayangan teknis semoga cepat diperbaiki kembali demi kelancaran pemilu nanti",1
Yaya Ajha,"mohon segera ditingkatkan bro, besok lusa udah dipake, ini sekarang dibuat uji coba saja lama banget prosesnya dan ada beberapa yang eror. kwalitas gambar hasil fotonya kalau bisa di perbaikin atau ada mode buat ngefokusin laah sama pemprosesan data diperbaikin biar lebih cepat dan pembacaan data juga yang tepat msak 5 kali salah terus bro",1
febry syahfitry,"hasil scan burem, tidak bisa fokus dan baca hasil.. padahal kamera asli android saya jernih, tidak bisa disetting pula.. mohon ditingkatkan kualitas gambarnya, karena itu mempengaruhi hasil.. trima kasih",1
MOCH FIRNANDA,"kpu_ri ini gimana sih, kok tidak langsung login sudah loading nya lama tetapi tidak masuk ke halaman akun malah suruh buang data dan cache, kemudian sampah dan data sudah aku buang ehh malah sama ajaa, gimana nih ribet amat sistem nyaa...!!!!!",1
Rolet,aplikasi belum siap digunakan. mempersulit bukan mempermudah. sejauh ini selalu suruh update dan simulasi yang berubah2 teknisnya. kalau memang belum siap jangan dipaksakan. suka keluar sendiri. autentikasi sidik jari yang suka bermasalah. katanya sudah direset tapi ada data yang tertinggal. update terakhir saat unggah harus online. tapi warna merah mulu padahal sudah ditempat dan jaringan bagus stabil. kl warna biru tidak masuk server. h-3. tidak ada kejelasan yang nyata. rawan sekali ini,1
Animanda,"buruk sekali. tadi bimtek, sehararusnya simulasi, belajar cara menggunakan aplikasi sirekap, ternyata 1 jam loading terus. sampai pulang belum bisa masuk. semua peserta operator sirekap tidak ada yang bisa masuk. setelah lama nunggu malah tulisannya: terjadi kesalahan saat inisialisasi aplikasi. gagal mendapatkan kunci digital: timeout gagal mendapatkan kunci digital: internal server error. ",1
shofia herpi,"udah di update malah tidak bisa masuk ""terjadi kesalahan saat melakukan inisialisasi aplikasi, gagal mendapatkan kunci digital"" udah ikutin smua cara tapi masih sama tidak bisa juga, hampir smua kendala nya gitu, trus pemilihan tinggal berapa hari lagi, tapi aplikasi nya problem smua, katanya mempermudah tapi kok malah gini. mohon dong solusi nya, udah mumet.",1
Dwi Astuti,"ketika login tidak bisa masuk sertifikasi gagal terus udah nyoba dihp lain juga tteep tidak bisa android 11 padahal, katanya server down banyak yang pake tapi nyoba jam 1 pagi juga tetep tidak bisa,udah nyoba hapus chache hapus data uninstall aplikasi berkali kali tetep tidak bisa .tolong diperbaiki lagi sistemnya karena ini buat 1 indonesia loh .terimakasih",2
Ahmad Jauharuddin Luthfi,aplikasi sangat jauh dari layak.. masih banyak bug. hasil simulasi tgl 6 kemarin sering aplikasi logout sendiri ketika akan mengambil foto dokumen c1. terus waktu pemrosesan foto lumayan lama. kalau emang tidak siap lebih baik dibatalkan saja penggunaan sirekap.,1
solehatun nopia,sulit sekali untuk login...banyak sekali tindakan yang sudah dicoba agar bisa log in...jangankan bisa foto c hasil simulasi...login saja rata-rata 90% kpps diwilayah yang sama yang pegang aplikasi ini mengalami masalah yang sama yaitu susah log in...dari sistem androidnya pun tidak ada masalah..tapi aplikasi ini benar-benar menguji kesabaran penggunanya.-_-,1
Ira Wati,"sudah 3 hari mencoba tapi tidak bisa masuk. setiap kali buka aplikasi nya malah jaringan jadi jelek, sementara saat buka aplikasi yang lain lancar-lancar saja. harusnya lebih ditingkatkan lagi karena jika permasalahnnya pada jaringan, tidak semua jaringan di indonesia bagus.",1
Mun Thohar,"untuk menu kamera,, kamera yang digunakan itu hanya kamera ultra wide,, jadi hasilnya sedikit buram dan juga hasilnya distorsi. tolong di perbarui lagi atau sediakan opsi untuk kamera wide biasa supaya gambar lebih jelas. device sony xperia 1",1
Eko Rahmadi,"semula masih bisa dari awal login hingga ganti password pertama, sampai tanggal 3februari bimtek lanjutan, diinfokan ad update versi terbaru. lalu langsg di-update versi terbaru 2.32 (versi update per 2 februari) eehh ternyata tak bisa login. kpu benar benar siap tidak y sistemnya. tidak kepenuhan atau trouble kn. siakba tmpo hari juga gitu saat upload. yang disalahin jaringan (tethering kan kwan, kawan yang pakai hostpot saya aman aj), handphone kepenuhan (padahal sudah dikosongkan setengah memori). dll",1
Bayu Caka,"coba upload beberapa c hasil latihan. baru beberapa foto tapi cache yang ditinggalkan/tersimpan lumayan cukup besar.. dan juga perlu jaringan internet yang bener2 jos, krna setelah klik detail ternyata foto gagal terunggah.. ",1
Fherdhay Zero Two,kamera klo di dalam aplikasi ini sebagus apapun pasti jadi buram dan tidak bisa fokus.... selain itu tidak bisa upload foto dari galeri juga.... padahal klo pke kamera biasa tulisan nya juga sangat jelas kok..... pembacaan angka nya banyak bermasalah...,1
anindasm,"sampai saat ini hanya bisa masuk menu awal. proses inisiasi dan aktivasi belum juga masuk. jika error karena jaringan internet, seharusnya saat menggunakan wifi proses aktivasi dapat lebih cepat. jika karena os gawai yang tidak mendukung dari keterangan aplikasi bisa digunakan dari os android 7.0 sampai yang terbaru. sangat menghambat proses pengenalan dan tata cara penggunaan aplikasi jika sampai saat ini belum bisa digunakan sedangkan waktu mulai terbatas.",1
Rita P,"jelek sekali, handphone sudah ram 8 penyimpanan masih 130 gb tapi susah banget ngirim gambarnya kluar mulu, suruh login mulu, lama banget pake aplikasi ini tolong diperbaiki segera!!!!!!!!!!!!!. sudah banyak keluhan tidak hanya saya banyak juga yang eror",1
Sam S Prayogo,"saya yakin digitalisasi sangat efisien untuk aspek pendataan ini, lebih di utamakan lagi sebisa mungkin 6 bulan sudah di gunakan secara lancar, karena pengguna aplikasi bukan hanya kaum muda ada beberapa yang masih berproses dalam pemahaman teknologi. mungkin untuk menu dll sudah sangat mudah dipahami hanya saja proses setiap langkah dari log in pun sudah bermasalah. saya yakin pemerintah bisa membangun aplikasi yang lebih sempurna dari pada produk² swasta itu. semoga lancar waktu di hari h",1
Beta Putrawansyah,"aplikasi jelek, gimana mau lancar nanti pas pemilu, login saja udah banyak masalah, apalagi pas pelaksanaan nanti, seluruh serentak mengirim data, pasti lebih errorr lagi, hadeh .,... aplikasi dadakan... kasih saran sih kalau mau pakai aplikasi rencanakan dan dibuat aplikasi yang mumpuni....",1
Icoh Delisa,"mohon untuk devlover apknya, ini aplikasi masih ada bug. aplikasi tidak siap sama sekali, terlalu banyak kegagalan dari servernya sendiri. kalau memang belum siap launching jangan di launchingkan. terlalu memaksakan untuk digunakan, persiapan bisa dibilang tidak ada bukan belum matang. memakai wifi dengan kapasitas jaringan kenceng pun tetap ada peringatan kesalahan inisialisasi. harusnya apknya dikembangkan sejak lama, ini kesannya terlihat seperti di kembangkan baru kemaren sore. sangat menyusahkan kami.!",1
agus Imam,"aplikasi belum layak di gunakan, banyak eror saat sudah login dan pasti keluar sendiri, pasti muncul keterangan tidak ada profil yang aktif. saat di tanyakan ke yang bertanggung jawab hanya ada jawaban di coba terus sampai bisa. hadehhh... kalau kayak gini pas di gunakan besok bukannya membantu mempercepat malah memperlambat dan semakin lama.",1
Eko Meilistyo,"saat versi 2.30 bisa login, tapi kualitas kamera saat ambil foto sangat jelek sekali. setelah update versi 2.32 malah tidak bisa login tolong diperbaiki lagi. untuk kelancaran semuanya. waktu pencoblosan sudah dekat.",1
angga budiman,"tolong untuk sensor mendeteksi foto scanya di perbaiki pak, soalnya sering gagal terus... terus ulangi foto, misalkan gini terus alamat pak foto ulang terus tidak masuk masuk... halaman ajah untuk terdeteksi bisa lebih 10x pak, padahal jaringan sudah bagus.",2
Nur Asmiyanti,"gimana ini aplikasi nya, sudah beberapa kali bolak balik install dan uninstall, ubah pass, beberapa kali minta pass ulang msh juga tidak bisa login, mana mau dekat hari pemilu tapi gara2 aplikasi nya tidak bisa kepake jadi susah, tahap login saja gbisa apa lagi mau simulasi. perbaiki lah secepatnya, soalnya login saja susah banget, tahap simulasi saja belum dicoba ini gimana.....",1
Sari Asih,"sangat susah,mau login saja inisialisasinya susah sekali error lah,time out lah,server error,dll pdhal sudah pakai wifi ditempat saya ttap tidak bisa masuk kalau begini caranya bukan mempermudah mlh justru disulitkan tlg diperbaiki lagi atau gimana,krn tidak semua android bisa mudah masuk keaplikasi tsb",1
Reno Satya,"terima kasih sudah melakukan banyak perbaikan., sedikit masukan pada versi 2.41 ada baik nya ada menu ambil gambar dr galeri agar dapat menjadi alternatif apabila terjadi kesalahan dalam verifikasi gmbr, artinya apabila nanti nya c.hasil sudah masuk ke dalam kotak untuk dikembalikan ke pps, kita bisa ulang upload gmbr untuk verifikasi dengan gambar dr galeri tanpa harus bongkar kotak., jd meminimalisir kekhawatiran",3
nyamuk keboen,"saya nemuin kekurangannya: ""untuk user infinix tidak bisa masuk, tetapi user samsung, xiaomi, bisa masuk"". mohon diperbaiki agar semua hape android bisa masuk. saransaya: buat akses masuk dengan sistem tunggu, jadi tidak musti multipel klik cukup di refresh saja. dan buatkan akses timeout selama 3 menit setelah berhasil mengirimkan hasil sirekap. jangan buat ini menjadi lama di ranah grassroot karena kinerja di kpu pusat bidang teknologinya lambat merespon masukan, mumpung masih ada 1 minggu lagi.",1
Bondan Rizal Hamdani sport,"aplikasi tidak layak untuk pemilu , saya rasa ini justru membebankan kepada kpps di awal saja banyak trobel tidak bisa login padahal sudah masuk halaman awal , login tidak bisa . saya rasa perlu di kaji ulang kelayakan aplikasinya karena tidak semua kpps bisa login apalagi keterbatasan sinyal yang belum merata , mau dimaksimalkan apapun tetap tidak maksimal.",1
Didik Santuso,"masih perlu perbaikan, terutama shutter speed kamera kurang cepat yang mengakibatkan gambar terkadang blur walaupun handphone saya sudah bagus tetep saja, kedua proses verifikasi foto tidak ada notifikasi kalo sudah selesai ya masa harus kita cek detail terus harus nya ada notif biar bisa tau dan tinggal submit, ketiga proses verifikasi foto sangat lama takutnya di hari h akan terulang kembali tembus sampai pagi, ke empat tidak ada yang fitur hapus foto dan takut nya saat sirekap 1 bermasalah.",1
Dimas Ramadhan,"error : ""terjadi kesalahan dalam penyiapan perangkat , pastikan anda terhubung ke jaringan internet"". padahal handphone sudah terhubung wifi dan data seluler, sudah update, instal ulang aplikasi,mengaktifkan seluruh izin yang di perlukan serta menghapus beberapa aplikasi yang tak diperlukan. mohon solusi nya",1
Arieshandy Depi,"app tidak support di perangkat saya, padahal android 13, ram 8gb, berulang x saya uninstall masih saja tidak sampai ke menu utama, begitu login langsung gagal ke menu selanjutnya. entah proses ujicobanya seperti apa, sebelum launching.. jika tidak segera diperbaiki, menurut saya app ini masih belum layak di gunakan untuk pemilu 2024.",1
Kaur,"pemilu sudah semakin dekat, namun aplikasi ini masih jauh dari kata optimal.masih banyak cacat di berbagai fitur nya. upayakan lagi untuk memaksimalkan & pengoptimalan terkait pengoprasian aplikasi ini . jangan sampai pada hari-h nanti masih banyak kendala yang di keluhkan oleh penggunanya , khusus nya kpps yang di tunjuk sebagai sirekap",1
andi irawan,baru mau inisialisasi saja susahnya minta ampun. apakah memang aplikasi dan digitalisasi pemilu indonesia belum siap.? maksud hati ingin memudhkan dan mempercepat tapi aplikasinya malah seperti masih mentah dan sangat susah diakses akhirnya malah menambah masalah dan lebih lambat.. mohon segera di perbaiki agar benar benar memudahkan kedepannya,1
Andika Kelana,"aplikasi masih sangat prematur. sudah susah login, giliran pindah ponsel yang kualitas kameranya memadai, malah loading dan ""gagal mendapatkan kunci digital : timeout"". ayok tim it kpu, seriusan bkin aplikasinya. jangan  tujuannya digitalisasi utk mempermudah, malah akhirnya mempersulit. tujuannya untuk mempermudahkan?? ingat waktu sudah mendesak. keberhasilan anda berada ditangan kami para kpps",1
Sri Sugiyani,tolong ya ini lebih diperbaiki lagi aplikasinya. memang sudah benar dengan adanya aplikasi ini nntinya agar mempermudah jalannya pemungutan suara pada saat hari h. tapi kalau aplikasinya tidak mendukung untuk support ya sm saja itu termasuk menyusahkan dengan adanya aplikasi ini. sudah melakukan arahan dan mencoba untuk uninstal dan instal kembali hasilnya sama tetap aplikasi ini tidak mendukung untuk login!,1
Tinsi Juliaf,"mending gausah ada aplikasi ini saja tidak sih, belum apa apa udah eror terus, login susah banget, pas udah bisa login ada saja tuh kendalanya, kualitas gambar ampun deh masak iya harus ngedit terus, mana sering tiba-tiba logout, server down teruuusss",1
dwihalimatus zahro,"penggunaan digitalisasi pada program pemilu sangat membantu, namun, saya mohon diperbaiki lagi, banyak anggota yang menjadi bagian sirekap tapi  tidak bisa mengakses apk, selalu nge-stuck di inisialisasi.",2
Dian rostani Waruwu,"udah capek saya menginstal hampir 100kali,berusaha login juga begitu. tidak pernah berhasil,ada saja masalahnya username dan password tidak valid padahal memang benar yang dikirim ke saya itu yang saya masukan. selain itu,katanya error,time out,gagal mendapatkan sertifikat dll. pusing... ",1
Ipin Official,"aplikasinya tidak bisa buat log in udah coba berkali kali tetep saja tidak bisa, bukannya mempermudah malah mempersulit, pemilu udah mepet aplikasi malah belum final jadi, udah gitu yang belum bisa log in dituntut buat agar segera log in, seakan akan salah pengguna bukan developernya, gimana nih tanggepannya kpu?",1
Rosadiajja 46,"mohon untuk diperhatikan , setidaknya dalam mengembangkan aplikasi harus siap dahulu. mau mempermudah hasil malahan menjadi mempersusah. jika memang ingin tetap digunakan di hari pemilu setidaknya siapkan dahulu dengan matang, baik dari servernya, aplikasinya, dan lain sebagainya. karena jangankan mau menjalankan aplikasi, inisialisasinya saja selalu error, selalu timeout. tolonglah untuk diperbaiki kesiapannya. terimakasih.",2
Linda Febri,"tolong peningkatannya. awal download aman, bisa masukin username dan ganti password. tapi pas login selalu tidak bisa dengan alasan invalid, dll. akhirnya saya uninstall, lalu install lagi, tapi sekarang, baru klik tombol ""masuk"" malah aplikasi otomatis tertutup terus :), jadi sama sekali tidak bisa gerak. mana bisa jalan dan simulasi kalo kayak gini. tolong solusinya.",1
Arpa Jenol,"negara kita terlalu memaksakan penggunaan aplikasi ini.. bukannya mempermudah mala menyusahkan. begitu bisa login di apdet lagi, setelah itu tidak bisa login lagi.. mana sinyal di negara ini tidak merata.. banyak pelosok negeri yang belum terjangkau jaringan lebih mustahil lagi mengoprasikan aplikasi nya.",1
Mila Gemie,"aplikasi belum layak digunakan untuk pemilu tgl 14 februari. aplikasi sudah diupate ke yang terbaru, tapi data simulasi terdahulu tidak terhapus di aplikasi. sehingga tidak bisa mengunggah data yang baru untuk simulasi selanjutnya. masih banyak yang gagal mengunggah data dan data yang berhasil diunggah dinyatakan tidak terbac oleh kpu",1
Andry Septianto Amar Bross,aplikasi nya sudah bagus tapi mngkin keamanan data nya harus ditingkatkan lagi karena rawan dengan terjadinya double basis data dan saat pengupload foto cukup lama dan loading lama padahal sudah pakai wifi dan paketan internet.. mngkin utk mempermudah smoga bisa dibuat versi web nya.. maaf sblmnya dan terima kasih,1
news Canel,"aplikasi bodong, angka hasil tidak sesuai yang difoto, offline bisa mendetek angka tapi tidak sesuai aslinya sehingga angka berkurang, anehnya tidak bisa diedit, ada unsur yang tidak beres dengan data",1
Wawan Hilman,"aplikasi tolol, bukan mempermudah malah makin jadi mempersulit, mau login saja susah nya setengah mati tidak bisa 7 hari 7 malam. kalau belum siap pakai aplikasi, tidak usah sok-sok an pengen serba digitalisasi. benerin dlu tuh bug aplikasi, baru di publikasi kalau sudah 100% siap.",1
ainur rohman,"tidak bisa masuk aplikasi, diketerangan server error... padahal aplikasi ini mau dipakai seluruh indonesia secara serentak. tolong diperbaiki lagi server untuk masuk diaplikasi agar berjalan lancar dan mempermudah penggunaan untuk kedepan.",1
Faturrahman,"tolong aplikasinya diperbaiki lagi dan diperluas penyimpanannya, misal seperti pc atau perangkat lain itu chipset dan prosesornya dinaikkan kualitasnya agar lebih lancar untuk digunakan. ini kan aplikasi bisa server atau apanya lah yang dupgrade agar nanti pas dipakai tidak ada masalah login dll soalnya penggunanya nanti pasti banyak dan masuknya bersamaan",2
Farid Alma'ruf,"melihat dari ulasan teman-teman sebelumnya sepertinya yang dikeluhkan sama, aplikasi belum berjalan dengan sempurna. dapat whatsapp resmi dari kpu untuk akses login ke aplikasi dan di suruh mengganti pasword dengan pasword yang baru dan update aplikasi, tetapi malah tidak bisa login, tolong developer diperbaiki secepatnya",1
Faradina Widia Sari,"bukannya mempermudah malah dipersulit, belum aplikasi tidak ada untuk mempokuskan kamera jadinya sering terjadi kesalahan baca dan sulitnya juga untuk mencari internet yang bagus setiap lokasi karena ada beberapa lokasi tidak tersedia nya jaringan",1
Fadhil Muhammad,"sangat amat buruk, foto yang di ambil dari aplikasi sirekap tidak jelas. kalau belum sanggup buat aplikasi sendiri kenapa tidak bekerja sama dengan developer dari scanner lainnya seperti camscanner. sehingga akan menghasilkan kualitas yang bagus.",1
Muhamat Edy,"benar kata orang"".. tahap setelah memasuki finger print pasti kesalahan inisialisasi.. yang di salahkan jaringannya lah... memori nya lah.. apanya lah ... tolong lebih di perhatikan... khususnya pengguna sirekap sangat di tuntut menggunakan aplikasi ini... sebagian pengguna memang bisa login.. tapi sebagian juga kesusahan dalam login .. bukan karena jaringan yang kurang stabil.. memakai wifi yang kapasitas jaringan istimewa pun tetap ada peringatan kesalahan inisialisasi...",1
lady in red,"ada baiknya kalau memang menginginkan digitalisasi, dipersiapkan secara matang semuanya, termasuk aplikasi yang mendukung. bukannya menolak adanya digitalisasi, tapi jika memang akhirnya mempersulit pengguna, untuk apa ada trobosan ini dan itu? mohon untuk kedepannya diperbaiki lagi, terimakasih.",1
Yogi Purnama,"harusnya aplikasinya di kembangkan sejak lama. ini kesannya terlihat seperti baru d kembangkan kemarin sore. jangankan untuk masuk dan menjalankan, inisialisasi nya saja susah. entah time out, atau error yang lain. terus dilihat dari komentar yang lain ada yang hasil foto jadi buram lah apa lah. bukanya memudahkan malah menambah masalah rasanya.",1
X17 Ace,aplikasi bukan untuk mempermudah tapi membuat masalah baru. 1. aplikasi buta huruf 2. penjumlahan manual 3. kendala server 4. selalu ada masalah ketika login pokoknya kekurangan masih sangat banyak dari pda kelebihan. aplikasi cacat alias prematur,1
M Fakhri,"ini aplikasi tidak siap sama sekali. terlalu banyak kegagalan dari server nya sendiri, seperti error, gagal, dll. bukan salah signal kami tetapi server nya yang harus ditingkatkan agar anggota bisa log in dengan serempak! katanya inisialisasi perangkat sudah selesai tapi masih error dan disuruh melakukan clear data, clear data dilakukan pun setelah masuk lagi tetap sama hasil nya tidak berubah sama sekali",1
Bendahara TarunaMu,"aplikasnya belum sempurna. untuk sesi login dibatasi tapi tidak ada pilihan re-login tau menu logout guna login ulang. sehingga untuk upload data online tidak bisa dilakukan, sedangkan untuk upload data secara offline kemungkinan data tidak akan terdeteksi. harapannya untuk developer bisa segera benahi aplikasinya. kesimpulannya, aplikasi ini bisa disebut aplikasi demo saja atau masih seri beta. belum final. terima kasih",1
Husna Khairani is,"saya sudah selesai mengerjakan data di aplikasi sirekap , dan sudah saya kunci . alhasil setelah saya buka kemabali untuk mebgecek , data² nya kosong , kembali seperti awal. aku ngerjaiiinnn nya begadang wooiii .. tolong lah",1
Andika Putri Utami,"saya sbg anggota kpps sirekap 1,, jujur aplikasi ini lah yang bikin kami pulang pagi, memastikan semua terfoto dg baik tapi tidak ada gunanya, tetap saja tidak bisa terbaca.. saat bimtek aplikasi tidak bisa digunakan, saat pemilu aplikasi down.. 1 hr setelah pemilihan pun di cek kembali buat memastikan data dan menguncinya, ternyata sebagian disuruh ulang foto lagi , ya mana bisa dikunci kl begini  untung semua hasil c1 sudah di foto & scan.. jangan  salahkan kpps, kpu yang belum siap..",1
Muhammad Ulul Azmi Official,"servernya ditingkatkan , kasihan operator, upload foto 3 saja sampai berjam jam. harusnya juga ada menu unggah foto, untuk upload hasil foto kamera / scan. bukan ambil gambar langsung dari aplikasi. dan juga sediakan aplikasi versi desktop.",1
Adi Purnama,"tolong yang buat aplikasi ini tolong banget penanganannya dengan sungguh sungguh, masa saya sudah upload sudah verifikasi semua tapi katanya datanya belum masuk ke real. count kpu, dan tolong perbaiki ai sirekap untuk bisa membaca tulisan yang sedikit blur atau salah coret dan servernya tolong diperbaiki lagi itu saja sih nanti kalo ada tambahan lagi saya beri tahu lagi trimakasih",1
Nabila Ris,"bisakah kamera untuk pengambilan foto menggunakan kamera utama (48mp) dan bukan kamera ultra wide (8mp)? itu membuat foto yang dihasilkan menjadi buram dan tidak jelas, sedangkan foto yang diminta oleh sirekap ingin tampak jelas. mohon bantuan dan penjelasannya, apakah kamera untuk pengambilan foto dapat diubah agar foto yang dihasilkan nampak jelas, terima kasih.",2
Rizki Hidayaturrohman,"aplikasi yang menurut saya bukannya memperlancar, malah menghambat. tolong diperbaiki mulai dari proses yang lama dan belum tentu berhasil di proses. apalagi sistem fotonya harus live. iya kalau ketahuannya pada masih waktu dilokasi bisa diulang fotonya, lah kalau ketahuan gagal diproses nya waktu kegiatan sudah selesai dan plano sudah dikirim. tolong lah, sistemnya diperbaiki agar memperlancar kpps dalam menjalankan tugasnya. ini justru malah memperlambat kpps. tolong diperbaiki ",1
Salma Azizah,"burukkk banget aplikasinya, sampai hari ini saya belum bisa membagikan pdf nya dari pagi sampai sekarang masih muter terus, padahal memory handphone internal 6 gb, udah di matiin data terus nyalaiin lagi masih muter, handphone nya di matiin terus nyalaiin lagi masih muterr, di restart handphone nya masih muter tuhh belum muncul"" pdfnya. orang lain pada bisa kok saya tidak bisaa, apaa penyebabnyaaaaa saya juga binggung",1
Lisa Septiana,"yang katanya dunia serba digital dan agar mempermudah pekerjaan nyatanya malah menyulitkan. tadinya ngasih bintang 3 siapa tau ada kemajuan, ternyata pas hari h dipakek malah ngrepotin penggunanya. untuk aplikasi sekelas nasional, kalau belum siap besok2 jangan diluncurkan. saya edit bintang 1",1
Musafa Faozi,"blas gagal bikin kepala pusing, mana yang capres dan cawapres tidak bisa di edit, hasil di periksa lebih dari dpt lagi. buat apa pake aplikasi sirekap kalo hasilnya ngawur. saya beri nilai 0,05 dari 100 saran di perbaiki sampai jadi jangan sampai kaya gini lagi. keliatan banget kalo server / aplikasi buatan indo jelek"". padahal aplikasi ini alat bantu untuk negara, masa sampai segitunya hehe",1
Merlina,"aplikasi cacat,aplikasi prematur,banyak bug ,banyak error, aplikasi tersampah yang pernah saya pake semenjak pake handphone android,kpu pake nyalahin kpps banyak aplikasi nya saja cacat, upload satu foto susah nya mintak ampun,apa lagi pas pemilu 67 yang mau di upload,1 foto saja setelah berjam jam baru bisa id upload,kadang tidak bisa sama sekali,apa mungkin dana pembuatan aplikasi di korupsi sampai bisa aplikasi nya secacat sprematur ini,hello ini aplikasi buat negara emang boleh secacat ini aplikasinya",1
Dama Yanti,"tolong diperbaiki, aplikasi belum siap digunakan suruh pakai, mana pps suruh coba terus update ke si rekap. intinya hasil sudh selesai, tidak peduli dengan si rekap, tidak bisa terus cape coba2 terus. wassalam",1
Kristinaalnitania Niken,"apk nya kenapa ya hasilnya eror terus tidak bisa inisialisasi,,notifikasi nya itu""gagal mendapatkan sertepikat digital karena akun ada sudah tercatat sudah melakukan inisialisasi coba melakukan clear data"""" padahal udah berapa kali di coba masuk apknya belum pernah mendaptkan hasil inisialisasi nya.. mengingat pemilu kita semakin dekat mohon perbaikan secepat nya jika aplikasi ini memang di harus kan untuk di gunakan",2
Rayz웃쇼Kipno,"aplikasinya crush... jangankan mau login, klik kotak masuk langsung keluar sendiri aplikasi nya, tadinya masih bisa masuk cuma tidak bisa mengunduh sertifikat saja. setelah di reinstal, malah tidak bisa masuk sama sekali",2
