content,content_en
fitur sirekap sepenuh mutakhir perlu tingkat kembali jangan gara-gara aplikasi tugas kpps salah perlu tingkat  hasil scan edit 2x al hasil ada revisi tidk bisa ubah daftar hadir ada opsi dpt dpk dptb proses upload relatif lama server siap tampung mode offline banyak blank baca server padahal aplikasi sukses kirim mohon perhati depan,full up-to-date syrup features need a return level not because the application of the wrong kpps task needs a level of scan results edit 2x al results there is a revision can not change the list present there is an option dpk dptb upload process relatively long server is ready to accommodate offline mode many blank read servers even though the application is successful send please pay attention to the front
kamera jelek hd kayak kamera jadul deteksi angka aplikasi nya susah pakai lot tingkat dewa inti kamera patut guna mungkin bisa di revisi milu lanjut cahaya pakai sokle baru bisa baca aplikasi nya tolol,ugly hd camera like an old-fashioned camera detection of application numbers is difficult to use the lot of the core god level of the camera should be possible to revise further milu light using sokle can only read the application stupid
aplikasi susah bukan mudah kerja harus foto bentuk foto apa yang penting jelas baca betul hasil plano bawah inputan manual hasil biar mudah bukan ini foto hasil,"difficult application is not easy to work, you must take photos in the form of photos what is important, clearly read the results of the plano under the manual input, the results make it easy, not this is a photo of the results"
benar buruk aplikasi dipake se indonesia kalo memang eror ini terus mending usah bikin aplikasi sirekap kata buat mudah hasil sulit aplikasi hampir minggu ganti versi,really bad application used in Indonesia if indeed this error continues to make it difficult to make a word syrup application for easy difficult results of the application almost weeks to change the version
aplikasi siap buat publish banyak harus baik 1 2 anggota sirekap 1 tps data sudah upload disirekap 1 muncul sirekap 2 fixing 2 akses edit data  pemberitahuan c salin sama data sudah diupload 3 scan sesuai auto clear tiap inputan 4 upload hadir dpt tambah halamn lihat terlalu bawah 5 upload data saksi hanya ada tiap jenis suara agar tidak dobel,the application is ready to publish a lot must be good 1 2 syrup members 1 tps data has been uploaded shackled 1 appears syrup 2 fixing 2 edit access data  notification c copy the same data has been uploaded 3 scans according to auto clear each input 4 uploads present can add pages see too down 5 uploads of witness data there is only each type of sound so as not to double
ada sirekap ekspetasi hitung suara lebih cepat mudah realitanya sesuai ekspetasi malah sulit lambat moga baik 5taun depan guna optimal,there is a syrup expectation count sounds faster easy reality according to expectations even difficult slow good 5taun ahead for optimal
upload foto lama ai -nya banyak ngaconya selesai isi foto data verifikasi klik kunci buat dokumen 36 jam lebih  sekarang  muter2 loading nya hubung developer aplikasi nya sekarang ada tanggap tambah aplikasi makan memori handphone 1 gb lebih,uploading old photos ai - it's a lot of fun to finish filling out photos verification data click the key for the document 36 hours or more  now  muter2 loading it connect the developer of the application now there is a responsiveness plus the application eats 1 gb more mobile phone memory
aplikasi perintah sangat buruk kwalitasnya  susah log in sering mental kluar input data  trus baca kamera sesuei real nya  udah gitu ppwp bisa edit sistem bisa baca  pokok buruk sekali,the command application is very poor quality  it is difficult to log in often mental clue input data  and read the real sesuei camera already that's it ppwp can edit the system can read the subject very badly
sangat kecewa login semua tipe hp lebih tingkat aplikasi bisa akses semua tipe hp lebih tingkat supaya bisa baca angka angka digital maupun angka biasa pokok tingkat lagi jangan sampe banyak akses jadi loading macet kirim poto nunggu nya sampe selesai kirim jangan nyalahin anggota kpps udah bener tulis baik aplikasi jangan saling salah,very disappointed login all types of mobile phones over the level of the application can access all types of mobile phones over the level so that they can read digital numbers and basic regular numbers at the level again don't get too much access so loading is stuck send a waiting poto until it's finished send don't get wrong kpps members already really write good applications don't get each other wrong
dong aplikasi baik minimal kalau baca angka benar tulis manual di isi manual tetap bisa keluh sesuai padahal angka sudah baca dengan jelas tolong tambah menu import foto galeri agar tidak susah,"the application is good at least if you read the numbers correctly, write the manual in the contents of the manual, you can still complain accordingly even though the numbers have been read clearly, please add a gallery photo import menu so that it is not difficult"
lama 4 tahun developer sirekap ngapain server ada baik dari dulu aplikasi ada kembang apa paling saat ambil gambar tambahin fiture flash paling resolusi ambil foto naik kasi buat operator sirekap sensor kamera bagus hasil foto jadi kayak vga noise dimana2,4 years old sirekap developer why is the server good from the first application there is the most development when taking pictures plus the flash fiture the most resolution take photos up and down for the camera sensor syrup operator is good for the photo results so it's like vga noise everywhere
kelas milu tentu pimpin indonesia aplikasi benar sangat layak segala fitur ada mumpuni server sering down upload foto sering keliru bagi potong deteksi angka otomatis tidak ada nya fitur edit data panwas saksi pps moga milu ikut aplikasi bisa baik ya buat lebih user friendly mudah di paham sama guna masih newbie,"milu class, of course, lead Indonesia, the application is really very feasible, all features are qualified, servers often down upload photos are often mistaken for cutting automatic number detection, there is no data editing feature of panwas witnesses, hopefully milu will join the application can be good, yes, make it more user friendly, easy to understand the same, in order to still be newbie"
niat bagus cuma kurang manfaat waktu siap aplikasi saja verifikasi dokumen lampau lama keburu form c hasil kembali pps di update sebenernya bagus tulis hasil manual jadi double checking kualitas kamera aplikasi lampau buruk tidak fitur flash nya,"good intentions only lack the benefit of application ready time, verification of documents in the past, long search for form c, the results back to pps in the update are actually good, write the results of the manual so double checking the quality of the camera, the application in the past is bad, not the flash feature"
gimanan foto si rekap bisa jernih bisa bawa handphone bisa atur hasil gambar kadang akurat edit sendiri server akses banyak orang eror data sudah submit bisa ubah tampil sederhana tarik saran depan mending uplod scan lalu camscaner biar jenih buram hasil lebih maksimal repot si admin rekap tps tugas dan tingkat servernya biar eror,"the photo game, the recap can be clear, can bring a cellphone, can adjust the results of the picture, sometimes accurately edit the server itself, access many people, the data error has been submitted, can change the appearance simply pull the suggestions ahead, mending uplod scan, then camscaner so that the opaque results are more maximum, bother the admin, recap tps tasks and server levels, so that the error"
please benerin post processing foto c hasil nya temu beberapa handphone hasil foto jadi burik pixleated padahal reso sama 1000x1700 an kok saya hasil nya jadi kaya burik banget yah terus bug nya beberapa handphone  circle bar nya muter terus kunci dokumen hadeh saran nih crud nya terapin gaada edit ama hapus loh di opsi tambah saksi pps panwas gimana sih wkwk tambah lah semua manusia kadang bisa salah input perlu edit,please benerin post processing photo c the results of meeting several mobile phones the photos become pixleated even though the reso is the same 1000x1700 an why am I the result so rich burik really well keep the bugs some mobile phone  circle bar his muter continue to lock the hadeh document nih crud suggestion his terapin gaada edit ama delete loh in the option of adding witnesses pps panwas how the heck wkwk add it all humans can sometimes be wrong input need to edit
guna aplikasi sirekap kunci buat dokumen telah uninstall instal ulang baru bisa kerja semua ulang cara sama malah kata akun di nonaktif cara ngatasinya gimana ya kalau ini kerja tidak akan pernah selesai,use the key syrup application for the document has been uninstalled reinstall it can work all over again the same way even the word account on is off how to handle it what if this work will never be finished
aplikasi gagal banyak bug over akses jadi lot kamera bisa fokus kualitas gambar tulis jadi blur gapake kamera bawa handphone kaya daftar hadir unggah gambar tulis tunggu saat 3 hari blum selesai proses unggah cara pengaplikasianya cukup mudah ya tadi contoh aplikasi gabagus buat pilih minta cepat aplikasi banyak masalah,the application fails many bugs over access so the camera lot can focus on image quality write so blur gapake camera bring rich mobile phone list present upload images write wait when 3 days blum finished the process of uploading how to apply it is quite easy yes the example of gabagus application for choose ask fast application many problems
saran saya ai input bisa edit tambah coding bila online tetap edit kalau memang mau koreksi offline telah lengkap baru upload harus metode offline online tidak jadi ini banyak kpps tidak upload gara verifikasi online lupa aktif mode pesawat total suara baik kunci hitung otomatis data telah diinput aplikasi buat mudah bukan sulit,my suggestion ai input can edit add coding if online keep editing if you really want offline correction has been complete just uploaded must be offline method online not so this is a lot of kpps not uploaded because online verification forgot to be active airplane mode total sound good automatic counting key data has been inputted application for easy is not difficult
aplikasi susah hitung kpps 1 foto kertas selalu akurat 2 server sangat lemah mungkin kurang anggar butuh dana lebih rp 100m 3 aplikasi golong gampang jebol tidak server sided 4 sangat susah guna tidak ambil foto storage handphone 5 aplikasi golong lot banyak bug kembang lambat asal asal saya guna sdm 7 gen 2 aplikasi sangat lambat 6 banyak no 13,the application is difficult to calculate kpps 1 paper photo is always accurate 2 servers are very weak maybe less fencing needs more funds rp 100m 3 golong application is easy to break not server sided 4 it is very difficult not to take photos of cellphone storage 5 golong applications lots of slow flower bugs as long as I use SDM 7 gen 2 application is very slow 6 many no 13
bukan mudah malah sulit mulai sinyal padahal pake aplikasi lancar lancar aja kualitas foto jelek percuma terang bagus tulis bagus kalau foto burem mah terus deteksi angka nya parah masa angka 1 baca angka 7 lah 6 lah 4 lah padahal udah tarik lurus pake topi angka nya sama kalau niat mau pake aplikasi coba buat lama mah satu bulan mau pake baru bikin haduuuh parah jadi kpps sekarang cuma buat uji coba parah parah,"it's not easy even difficult to start the signal even though using the application is smooth and smooth, the quality of bad photos is free, it's good to write good if the photo of burem mah continues to detect the number is bad when the number 1 reads the number 7 is 6 is 4, even though it's been pulled straight using the hat the number is the same if the intention is to use the application try for a long time mah one month want to use it just make the haduuuh severe so KPPS now only makes the trial severe"
kasih tau waktu lapang yah min 1 app kurang baca 100  x baca 1 2 tombol online offline sebut cuma pop up jadi sedikit repot 3 sesi terlalu pendek ketika mode offline lalu ke app online dulu 4 terkadang tabel edit di edit ada tida 5 yang paling nyebelin  lebih muat keluar kode 504 sampe ahir milu rampung lah min baik servernya yang 2jt guna nampung,"tell me the free time, well the min 1 app lacks read 100  x read 1 2 buttons online offline say just pop up so a little hassle 3 sessions too short when offline mode and then go to the online app first 4 sometimes the edit table is edited there are not 5 most nebelin more load out code 504 until ahir milu finish the min well the server is 2jt to finish"
aplikasi butut heran kpu kasih waktu 5 tahun buat ni aplikasi hasil malah ada kayak niat buat lebih hemat budget mungkin bisa unggah foto galeri kualitas foto jadi jelek banget  blur ada flash unggah suka minta foto ulang mana buat repot kali kalo amanah buat aplikasi buat baik mungkin masuk teman sudah ulas pikir,application butut wonder kpu give 5 years for this application the results even there is like an intention to save more budget maybe can upload photos gallery photo quality so bad blur no flash upload like to ask for a re-photo where to bother times if the mandate for the application to be good maybe enter a friend has reviewed the thought
aplikasi gagal suka nge bug over akses bikin lot kamera bisa fokus kualitas gambar tulis jadi blur unggah gambar tulis tunggu saat 3 hari blum selesai proses unggah cara pengaplikasianya cukup mudah ya tadi contoh aplikasi milu tahun 2019 sampe sekarang ada ubah,the application fails to like to bug over access to make the camera lot can focus on the quality of the picture write so blur upload the picture write wait when 3 days blum finish the process of uploading how to apply it is quite easy yes the example of milu application in 2019 until now there is a change
banyak kurang salah satu aktif lampu flash mau foto coba tambah fitur nyala flash bantu foto mungkin depan bisa pikir discan c-salinan ukur a4 sekarang hampir tiap tps lengkap printer bisa scan copy,a lot less one of the active flash lights want photos try adding flash features help photos maybe ahead can think scanned c-copy measure a4 now almost every complete tps printer can scan copy
made in perintah dulu gin mulu ya minus bisa auto focus fitur utama buah aplikasi guna kamera bisa nyala flash fitur tambah jelas objek foto bisa pake foto galeri fitur tambah minta foto ulang server kurang kuat,made in command first gin mulu yes minus can auto focus the main features of the application fruit for the camera can turn on flash features more clearly photo objects can use photos gallery features more ask for a reset photo server less powerful
sy beri rating 4 bintang sbg bentuk apresiasi aplikasi belum kerja maksimal utama proses baca  analis foto form c hasil plano kita upload sangat2 lama sekali 5 hr tgl milu belum selesai proses kita kunci buat dokumen c hasil harap depan bisa lebih baik utama daya kapasitas servernya,i give a rating of 4 stars as the form of appreciation of the application has not been the main maximum work of the process of reading the photo analyst form c the results of the plano we uploaded very long ago 5 hr milu date has not finished the process we key to the document c the results hope the front can be better the main power of the server capacity
aplikasi gagal udah foto beberapa kali kenal bukan bantu jalan milu malah ganggu belum realis aplikasi sesuai butuh fasilutasnya pada jangan masih dalam baik sudah di guna,"the application has failed to take photos several times. I know it's not a milu walk aid. In fact, it disturbs the unrealist of the application according to the need for its facilities. Don't still be in good use."
mohon hormat instansi kait klo misal baca aplikasi mohon baik servernya padahal jaring sya pakai sangat stabil perangkat guna pada sesuai arah sudah umum jauh hari jelang mungut suara,"please respect the institution of clo hooks, for example, read the application, please either the server, even though the net is very stable, the use of devices in accordance with the direction is common far ahead of the vote"
kalau sempurna usah pakai dulu tugas kpps pusing tambah aplikasi bobrok lapor c hasil bisa edit login lama upload data lama sering log out sendiri inti sempurna dulu baru pakai,"if it's perfect, you need to use it first, the task is dizzy, add a dilapidated application, report c, the results can edit the old login, upload the old data, often log out yourself, the core is perfect, then use it"
aplikasi paling jelek antara aplikasi ada play astor aplikasi selalu minta update pas hari guna banyak kendala bikin nambah pusing kerja tolong kalau aplikasi di kategori abal-abal ni di baik biar lebih baik depan ada kendala dll,the ugliest application between applications there is a play astor application always asks for updates during the day for many obstacles to make work more dizzy please if the application in this category is wrong so that it is better in front there are obstacles etc.
lebih tingkat lagi utama kamera fokus kasih flash upload terlalu lama data baca salah jd edit sendiri sangat buang waktu lambat kerja fitur edit tambah jangan skali pencet bsa ubah bisa edit data bner bner sesuai cukup bantu dr yang belum banyak nyusahinnya aplikasi,more to the extent that the main focus camera gives flash uploading too long data read wrong jd edit itself is a waste of time slow working edit features add don't scale the button change can edit data bner bner appropriate enough to help those who haven't bothered much with the application
aplikasi sangat layak guna akan cepat malah sulit mohon sempurna lagi sangat banyak kurang 1 handphone posisi online aplikasi deteksi offline 2 saat unggah foto aplikasi benar  baca angka c plano 3 unggah foto menu dpr waktu sangat lama dll banyak kurang  ,very feasible application will be fast and even difficult please perfect again very much less 1 mobile phone online position offline detection application 2 when uploading photos of the application correct  read the number c plano 3 upload photos dpr menu very long time etc a lot less
sedikit saran ttg aplikasi ini aplikasi agar akses kamera utama gambar di ambil lebih tajam hasil lama uji coba kemarin gambar di ambil rata blur walaupun cahaya cukup padahal banyak teman sirekap punya device lumayan bagus dr segi kamera hasil gambar juga sangat pengaruh upload gambar sering gagal tidak baca sistem mohon baik tingkat terima kasih,"a little advice about this application so that the main camera access of the picture is taken sharper than the old results of yesterday's test, the picture is taken blur even though the light is enough, even though many of my friends have a pretty good device in terms of the camera, the image results are also very influential, uploading images often fails not to read the system, please kindly rate thank you"
sulit seperti aplikasi nya bom layak guna angka foto yang baca sesuai kadang tidak baca edit jatuh nyalin hasil mohon di tingkat terimakasih,difficult as the application of the BOM is feasible to use photo numbers that read accordingly sometimes do not read the edit fall through the results please at the thank you level
instansi sangkut alangkah bagus laksana milu aplikasi sirekap uji coba dulu riset ambil sampel banyak tau lemah supaya baik jujur sekarang aplikasi sirekap banyak lemah utama hitung suara sirekap plano jadi tidak sesuai hitung suara tidak ubah sesuai plano apakah pihak selenggara mohon perhati terima kasih,related agencies would be good like milu application syrup test first research take samples many to know weak so that it is good to be honest now application syrup many weak main count sound syrup plano so it is not appropriate count sound does not change according to plano whether the maintenance party please pay attention to thank you
aplikasi parah kelas milu aplikasi kok begini mulai sering eror instruksi ofline tiba2 online aneh beda hasil hasil real baca hasil aplikasi itu bisa edit operator sirekap kalau ini gmn nama curang,severe application milu class application how come this starts often error ofline instructions suddenly online strange different results real results read the results of the application can edit the syrup operator if this is gmn cheat name
ambil gambar padahal otomatis pada titik posisi pas kenapa hasil selalu terang ambil gambar salah padahal update versi baru tolong tingkat kualitas cepat sistem nya di baik kalau begini terus hari h ujung ujung pakai salin rekapitulasi manual,take pictures even though it is automatically at the right position point why are the results always clear take the wrong picture even though the new version update please the system's fast quality level is good if this is the case then the end of the day use manual copy recapitulation
developer mohon maaf nih aplikasi bobrok sekali 1 server sering down  seperti anggar kurang banyak buat isi dompet  2 kamera aplikasi buat fokus manual  gada fitur flash padahal hitung bisa sampai malam hari kualitas foto sangat jelek 3 uji layak minimal 1 tahun-1 bulan milu kek kpps beban i waktu hari h sudah kurang tidur juga isi aplikasi masih bobrok,"developer sorry, the application is very dilapidated 1 server is often down  like fencing less for the contents of the wallet  2 camera applications for manual focus of the mace flash feature even though the count can be until nighttime the photo quality is very bad 3 feasible tests at least 1 year-1 month milu kek kpps load i during the day h have lacked sleep also the contents of the application are still dilapidated"
aplikasi bagus masalah aplikasi banyak kurang crut pasti orang orang pemograman bas dekstop developer ngertilah kalau saja ada crut bisa ubah hapus ada dobel kata edit ulang kata salah jadi saran ada baik ulang aplikasi sehingga guna rasa nyaman guna aplikasi,good application application problems a lot less crut definitely people programming bas desktop developer understand if only there was crut can change delete there is double word re-edit wrong word so there are good suggestions to reset the application so that it is comfortable to use the application
aplikasi sering log out sendiri scan foto langsung keluar hasil foto ulang baru ketemu hasil pas saya itu justru sulit  tambah durasi kerja anggota tuju jelas baik cepat kerja digitalisasi cuma nyata aplikasi final bisa di terap,application often logs out itself scans photos directly out of the results of the new re-photograph found my pass results it is actually difficult to  increase the duration of work of the members to clear both fast digitization work only real final application can be applied
sangat banyak kurang aplikasi tuju mudah malah lebih sulit baca angka banyak salah utama x sering baca 8 kemudian aplikasi penting ini opsi edit saksi pps panwas waktu mungut juga waktu hitung salah isi tidak ada jalan kembali direset langsung pusat,very much less easy destination application even more difficult to read many numbers wrong main x often read 8 then this important application edit options witnesses pps panwas time collect also time count wrong content there is no way back reset directly central
saran opsi tambah foto galeri gambar masuk sesuai sudah ada tanda kuning tiap sisi ujung2nya di minta upload ulang tulis gagal muat data gambar periksa koneksi internet anda padahal koneksi internet baik sudah beberapa kali coba ganti tempat hotspot beberapa handphone tidak ubah bukan mudah malah hambat mohon maaf hpnya musti se-sultan apa bisa guna aplikasi dengan lancar ,suggestions for options to add photos to the image gallery in accordance there is already a yellow sign on each side of the edges to be asked to re-upload write failed to load image data check your internet connection even though the internet connection is good has been several times trying to replace the hotspot place some phones do not change is not easy even inhibit sorry hpnya must be sultan what can use the application smoothly
aplikasi jelek buat kerja 2x data hapus sendiri login susah angka nomor plano banyak betul sendiri user tepat percuma bila plano tulis angka digital dapat baca nyata baca harus foto ulang beberapa foto hasil manual di kirim pusat,the application is bad for work 2x data delete itself login difficult numbers plano numbers a lot of users right free if plano write digital numbers can read real read have to re-photo some photos of manual results in the send center
ni aplikasi ada beta test ya kendala terlalu banyak kamera burem baca data lama salah baca data log out pas kirim gambar finger kenal dst oke inisiasi bagus era digital mudah input data kpu atau tahu hasil suara cepat mungkin sangat beban kpps bukan cara operasi aplikasi kesiap aplikasi sendiri saran saya jangan di paksa malah jadi hal2 tidak ingin,this is the application there is a beta test yes the obstacle is too many burem cameras read the old data wrong read the data log out pas send a picture finger know etc okay good initiation digital era easy input kpu data or know the results sound fast may be very heavy kpps not the way to operate the application ready for the application itself my advice is not to be forced even so things do not want
saran kembang pada bagi hasil milu beri menu koreksi hal akan jadi kendala apabila tulis digital sesuai baca aplikasi jadi operator koreksi hasil sesuai hasil asli milu hari h milu 2024 susah bagaimana solusi mudah sistem jaring di aplikasi kuat data kuat masuk app sirekap data down baca huruf angka mudah jadi ngk hambat operator sirekap,suggestions for expansion on milu revenue sharing give correction menu it will be an obstacle if digital writing according to read the application so the operator corrects the results according to the original results milu day h milu 2024 it is difficult how the easy solution of the net system in the strong application strong data enters the syrup app data down read the letters easy numbers so it does not inhibit the syrup operator
aplikasi masih banyak masalah utama bagi interface masih error pasu data tiba tiba ter-log out tiba sinkron huruf angka saran kan bisa menginput data lalu ketik keyboard bagai bukti kalau data tetap valid guna scan foto bisa optimal lancar performa aplikasi di bagai device utama os android 7 atas terimakasih,application there are still many main problems for the interface still error data vases suddenlylogged out arrived in sync letters numbers suggestions right can input data and then type the keyboard like proof that the data is still valid to scan photos can be optimal smoothly application performance like the main device os android 7 for thank you
aplikasi level nasional servernya lot buat aplikasi perhati ui ux tidak guna analisis swot pieces kelas nasional kayak amatir banget kalau memang akses seluruh indonesia harus siap jaring servernya baik mungkin biar tidak repot tugas bintang ulas ubah sesuai mudah user saat guna aplikasi edit ulas paska milu inti aplikasi tidak manfaat thanks,the application at the national level of the server is a lot for the application to pay attention to ui ux not to use the analysis of swot pieces in the national class like a real amateur if indeed access all of Indonesia must be ready for the server net well maybe so as not to bother with the task of reviewing stars change according to easy users when using the post milu review edit application the core of the application does not benefit thanks
kata offline saat guna malah jadi jelas pake kamera aplikasi golong burik mau pake kamera bawa handphone foto bisa masuk di aplikasi padahal hasil foto kamera lebih jernih jelas hasil camera aplikasi malah tidak baca,"offline words when using it instead it becomes clear to use the camera application golong burik want to use the camera to bring a photo phone can enter the application even though the results of the camera photo are clearer, the results of the camera application are not even read"
kurang kualitas kamera baca c-hasil aplikasi masih kurang baik kualitas kamera nya saat unggah foto kelola daftar hadir cuma 1x foto ada fitur tambah foto daftar hadir lebih 1lembar pun untuk fitur tanda terima jadi khusus cuma 1x foto,lack of camera quality read c- the result of the application is still not good quality of the camera when uploading photos manage the present list only 1x photo there is a feature to add photos of the present list more than 1 sheet for the receipt feature so special only 1x photo
aplikasi banyak kurang kamera bisa fokus selalu blur padahal terang maksimal sekali h-6 update aplikasi harus h- beberapa bulan ada update lagi login susah hampir tidak tidur aplikasi masalah kpps salah ada rating minus saya kasih rating minus,many applications are lacking the camera can focus always blur even though it is bright at maximum h-6 update the application must be h- a few months there is another update login is difficult almost not sleeping application kpps problem is wrong there is a rating minus I give a rating minus
banyak bug malah bikin sulit jelas bisa kirim foto lewat file tadi foto plan c eh bisa kirim di scan langsung jadi plan c sudah segel paksa harus di buka kembali ux simple inti malah sulit,many bugs even make it difficult to clearly send photos through the file before the photo plan c eh can send in a scan directly so plan c has a forced seal to be reopened ux simple core is even difficult
jangan saat laksana kirim data sekarang beres aplikasi bisa buka user pasword sudah benar jawabannnya jadi salah ujung hasil hitung suara manual hasil plano akan dipake ajar milu belum aplikasi batas aplikasi,don't when it's like sending data now it's done the application can open the user password is correct so the wrong end of the manual voice count result plano results will be used to teach milu yet the application application limits
aplikasi buat kerja kali lipat krn selalu log out hasil foto sesuai hasil benar edit nambah beban kerja pakai sirekap krn utk hindar fitnah atas kerja keras tak kenal waktu upload foto hasil jika liat verifikasi sama data utk submit justru sangat sulit itu jadi kendala utama,application for work fold because always log out the results of the photos according to the correct results edit increase the workload using shingles because to avoid slander for hard work do not know the time to upload photos the results if you look at the verification of the same data to submit it is actually very difficult it becomes the main obstacle
aplikasi pas ambil ulang gambar malah keluar sendiri padahal chance data ulang kali coba hapus tidak ubah galeri semua foto dihapuss tetap tidak ubah juga,the application fits to retake the picture and even comes out on its own even though the chance of data being re-tried to delete it doesn't change the gallery all the photos are still unchanged too
aplikasi sangat fungsi sama sekali sudah update 2 41 login hasil ada masalah pada ambil gambar  foto  notif selalu failed  gagal  harus ringan tugas panitia malah nambah2in beban,very functional application at all has been updated 2 41 logins results there is a problem in taking pictures of notif photos always fail  to fail  must be light task of the committee instead add 2in load
aplikasi nya sama sekali worth it update nya sering error sering juga pas nge foto lama nunggu loadingnya kemarin pas milu malah bisa guna jadi dong kalo mau guna benar baik jadi lebih baik lagi saya sangat susah milu udah cape2 foto c-hasil trnyta malah error jadi percuma jadi mohon buat aplikasi benar guna,"the application is worth it at all, the update is often an error, often just wait for the old photo to load yesterday, the milu pass can even be used to become a dong if you want it to be really good so it's better I'm very difficult milu already cape2 photo c- the result of trnyta is even an error so it's free so please make a real application for"
hampir h-1 sangat banyak bug khusus 1 angka c hasil hasil scan sangat sering singkron kalau ulang ambil gambar hasil sangat jauh bahkan simulasi banyak rekan rekan ber puluh puluh kali ambil gambar hasil yang tidak koreksi 2 gambar sering kali buram padahal device sangat pada 3 sering log out loading lambat sekali 4  upload data sangat sulit server full  digitalisasi elit kualitas sulit,MYMEMORY WARNING: YOU USED ALL AVAILABLE FREE TRANSLATIONS FOR TODAY. NEXT AVAILABLE IN  23 HOURS 12 MINUTES 42 SECONDS VISIT HTTPS://MYMEMORY.TRANSLATED.NET/DOC/USAGELIMITS.PHP TO TRANSLATE MORE
padahal versi baru 9 peb masih sangat jauh ekspektasi mau cepat progress data otentik malah lambat mohon baik waktu guna makin desak terima kasih,MYMEMORY WARNING: YOU USED ALL AVAILABLE FREE TRANSLATIONS FOR TODAY. NEXT AVAILABLE IN  23 HOURS 12 MINUTES 41 SECONDS VISIT HTTPS://MYMEMORY.TRANSLATED.NET/DOC/USAGELIMITS.PHP TO TRANSLATE MORE
hasil foto buram settingan bawa aplikasi pakai kamera ultra wide bukan main kamera utama kalo handphone kurang mahal spek kamera ultawide kurang tinggi susah  bukan cepat malah lambat proses coba terus  fitur settingan kamera  fitur fokus kamera tidak ada,MYMEMORY WARNING: YOU USED ALL AVAILABLE FREE TRANSLATIONS FOR TODAY. NEXT AVAILABLE IN  23 HOURS 12 MINUTES 40 SECONDS VISIT HTTPS://MYMEMORY.TRANSLATED.NET/DOC/USAGELIMITS.PHP TO TRANSLATE MORE
gimana nih h-2 sering error aplikasi sering logout waktu habis isi data tidak masuk padahal username password edit benar begini lah hasil paksa hendak server stabil paksa pakai nanti mau salah operator tidak kompeten  padahal aplikasi tidak kompeten belum untuk guna   parah banget,MYMEMORY WARNING: YOU USED ALL AVAILABLE FREE TRANSLATIONS FOR TODAY. NEXT AVAILABLE IN  23 HOURS 12 MINUTES 38 SECONDS VISIT HTTPS://MYMEMORY.TRANSLATED.NET/DOC/USAGELIMITS.PHP TO TRANSLATE MORE
aplikasi sekala nasional sulit guna memang guna nya offline aplikasi sulit identifikasi gambar data pahal hasil gambar sangat jelas harap bisa baharu karena aplikasi sangat butuh,MYMEMORY WARNING: YOU USED ALL AVAILABLE FREE TRANSLATIONS FOR TODAY. NEXT AVAILABLE IN  23 HOURS 12 MINUTES 37 SECONDS VISIT HTTPS://MYMEMORY.TRANSLATED.NET/DOC/USAGELIMITS.PHP TO TRANSLATE MORE
aplikasi suka ubah foto apa keluar apa hasil edit kesan hasil milu diotak-atik kurang bagus aplikasi banyak lelet loading lama,MYMEMORY WARNING: YOU USED ALL AVAILABLE FREE TRANSLATIONS FOR TODAY. NEXT AVAILABLE IN  23 HOURS 12 MINUTES 36 SECONDS VISIT HTTPS://MYMEMORY.TRANSLATED.NET/DOC/USAGELIMITS.PHP TO TRANSLATE MORE
aplikasi layak pakai tulis jelas baca slide 2 edit tidak muncul keyboard banyak tanda x baca 8 lambat proses gambar data,MYMEMORY WARNING: YOU USED ALL AVAILABLE FREE TRANSLATIONS FOR TODAY. NEXT AVAILABLE IN  23 HOURS 12 MINUTES 35 SECONDS VISIT HTTPS://MYMEMORY.TRANSLATED.NET/DOC/USAGELIMITS.PHP TO TRANSLATE MORE
bugnya parah tps rata2 dpt 300 kok input total 180 suara logicnya masuk kalo salah input diupload minimal kasih warning alert biar tugas data entry-nya bisa koreksi,MYMEMORY WARNING: YOU USED ALL AVAILABLE FREE TRANSLATIONS FOR TODAY. NEXT AVAILABLE IN  23 HOURS 12 MINUTES 33 SECONDS VISIT HTTPS://MYMEMORY.TRANSLATED.NET/DOC/USAGELIMITS.PHP TO TRANSLATE MORE
tolong kpu developer aplikasi ini kalau aplikasi siap masih banyak kendala lebih baik jangan guna ujicoba jangan jelang mau acara milu kan jangka panjang 5 tahun sekali utk pilpres bisa dperbaiki sedikit2 apa masih kendala jangan baru ujicoba n baik beberapa bulan acara,MYMEMORY WARNING: YOU USED ALL AVAILABLE FREE TRANSLATIONS FOR TODAY. NEXT AVAILABLE IN  23 HOURS 12 MINUTES 32 SECONDS VISIT HTTPS://MYMEMORY.TRANSLATED.NET/DOC/USAGELIMITS.PHP TO TRANSLATE MORE
gak sign-in aplikasi curang kembang jumlah suara tps-tps masuk dalam aplikasi bisa ubah jumlah otomatis olah yang ubah contoh  jumlah suara paslon 02 tps 70 suara yang keluar aplikasi jadi 870 suara kpu suruh bayar paslon 02 prabowo-gibran nih laporin ke playstore spy aplikasi dikeluarin playstore,MYMEMORY WARNING: YOU USED ALL AVAILABLE FREE TRANSLATIONS FOR TODAY. NEXT AVAILABLE IN  23 HOURS 12 MINUTES 30 SECONDS VISIT HTTPS://MYMEMORY.TRANSLATED.NET/DOC/USAGELIMITS.PHP TO TRANSLATE MORE
parah banget aplikasi algoritmanya olah sudah atur sesuai pesan baik satu lain malah ubah server lot parah pindai angka akurat banyak salah heran aplikasi buat perintah interface kelas aplikasi warnet anggar triliun bikin 1 aplikasi ajah kaga pernah bener,MYMEMORY WARNING: YOU USED ALL AVAILABLE FREE TRANSLATIONS FOR TODAY. NEXT AVAILABLE IN  23 HOURS 12 MINUTES 29 SECONDS VISIT HTTPS://MYMEMORY.TRANSLATED.NET/DOC/USAGELIMITS.PHP TO TRANSLATE MORE
sebenere bagus sayang sistem ambil upload file sulit terlalu rumit anda koreksi sedia file salin c hasil sendiri ukur di jangkau ambil gambar lebih enak aplikasi siap betul sering eror,MYMEMORY WARNING: YOU USED ALL AVAILABLE FREE TRANSLATIONS FOR TODAY. NEXT AVAILABLE IN  23 HOURS 12 MINUTES 27 SECONDS VISIT HTTPS://MYMEMORY.TRANSLATED.NET/DOC/USAGELIMITS.PHP TO TRANSLATE MORE
jangan ke tahap mudah malah sulit apload sulit ui ux kes asal jadi bikin ribet entah vendor internal tim kpu buat kalian pake qa belum deploy aplikasi kalau aplikasi kayak gin sampe tanggal 15 subuh bisa upload exit plan tuju aplikasi kan pecah masalah soal input hasil tps mudah malah input hasil tps tetep susah tambah aplikasi susah jadi malah ada 2 masalah sekarang,MYMEMORY WARNING: YOU USED ALL AVAILABLE FREE TRANSLATIONS FOR TODAY. NEXT AVAILABLE IN  23 HOURS 12 MINUTES 26 SECONDS VISIT HTTPS://MYMEMORY.TRANSLATED.NET/DOC/USAGELIMITS.PHP TO TRANSLATE MORE
mohon tambah beberapa menu mode kamera akan guna beberapa kamera handphone auto mode 0 5 bisa rubah mode normal optimal  banyak masalah gambar foto jelas uji coba upload foto ada log-out log-in sendiri alhasil beberapa kali ganti password bahkan banyak foto kirim itu sangat hambat proses kirim foto sirekap,MYMEMORY WARNING: YOU USED ALL AVAILABLE FREE TRANSLATIONS FOR TODAY. NEXT AVAILABLE IN  23 HOURS 12 MINUTES 25 SECONDS VISIT HTTPS://MYMEMORY.TRANSLATED.NET/DOC/USAGELIMITS.PHP TO TRANSLATE MORE
kualitas gambar foto simulasi burem jelas aplikasi fitur buat fokusin camera jadi banyak banget salah baca data ada beberapa bug untuk kunci data  buat dokumen pdf loadingnya lama banget bahkan ada yang berhari2 mungkin bug baik milu tinggal berapa hari lagi aplikasi bisa bilang fungsi optimal,MYMEMORY WARNING: YOU USED ALL AVAILABLE FREE TRANSLATIONS FOR TODAY. NEXT AVAILABLE IN  23 HOURS 12 MINUTES 23 SECONDS VISIT HTTPS://MYMEMORY.TRANSLATED.NET/DOC/USAGELIMITS.PHP TO TRANSLATE MORE
aplikasi terlalu banyak manual bukan mudah lama jumlah manual otomatis jadi tidak sesuai suara beri tanda bisa ubah angka benar ketika kirim foto mental foto c hasil meski buram tetap lolos verifikasi bisa hapus foto dan edit jumlah suara kunci dokumen login sulit mau kirim pdf saksi awas mental lagi kalau siap jangan paksa,MYMEMORY WARNING: YOU USED ALL AVAILABLE FREE TRANSLATIONS FOR TODAY. NEXT AVAILABLE IN  23 HOURS 12 MINUTES 22 SECONDS VISIT HTTPS://MYMEMORY.TRANSLATED.NET/DOC/USAGELIMITS.PHP TO TRANSLATE MORE
aplikasi kelas nasional benar benar jelek unggah gambar susah buat mode pesawat masuk angka manual lagi buat dokumen pdf nya lama mulai sore pagi tetap bisa buat tim buat aplikasi kalau komen komen gin baca baik pakai aplikasi kan kpps lancar milu juga besok yang buat lama bukan hitung suara tapi sirekap masalah bukan mudah jadi sulit,MYMEMORY WARNING: YOU USED ALL AVAILABLE FREE TRANSLATIONS FOR TODAY. NEXT AVAILABLE IN  23 HOURS 12 MINUTES 21 SECONDS VISIT HTTPS://MYMEMORY.TRANSLATED.NET/DOC/USAGELIMITS.PHP TO TRANSLATE MORE
bukan mudah malah sulit login error susah lama kualitas upolad gambar jelek tulis bagus malah baca verifikasi gambar lama buat berkas pdf lama segera baik memang niat mudah ,MYMEMORY WARNING: YOU USED ALL AVAILABLE FREE TRANSLATIONS FOR TODAY. NEXT AVAILABLE IN  23 HOURS 12 MINUTES 20 SECONDS VISIT HTTPS://MYMEMORY.TRANSLATED.NET/DOC/USAGELIMITS.PHP TO TRANSLATE MORE
segera baik menu detail pilih gagal laku koreksi hasil ambil foto form c periksa form c hasil jendela periksa sesuai data bisa kasih x cross sesuai jumlah perlu koreksi muncul editable box nya terima kasih,MYMEMORY WARNING: YOU USED ALL AVAILABLE FREE TRANSLATIONS FOR TODAY. NEXT AVAILABLE IN  23 HOURS 12 MINUTES 18 SECONDS VISIT HTTPS://MYMEMORY.TRANSLATED.NET/DOC/USAGELIMITS.PHP TO TRANSLATE MORE
aplikasi layak operasi 1 bisa lihat komenan kawan2 pas unggah selalu logout sendiri 2 kualitas gambar bukan salah spek android camera poto biasa jernih fokus aplikasi hasil poto buram tidak fokus manual mungkin ingat kualitas gambar hd makan simpan besar mungkin tapi kualitas buram terlalu kecil tolong baik cepat,MYMEMORY WARNING: YOU USED ALL AVAILABLE FREE TRANSLATIONS FOR TODAY. NEXT AVAILABLE IN  23 HOURS 12 MINUTES 17 SECONDS VISIT HTTPS://MYMEMORY.TRANSLATED.NET/DOC/USAGELIMITS.PHP TO TRANSLATE MORE
mohon benah kembali tulis x kadang sering baca jadi 8 hati buat kawan si rekap tulis hijau belum data sama yang foto moga cepat si rekap fungsi mesti hari h dan mudah rekap data layak,MYMEMORY WARNING: YOU USED ALL AVAILABLE FREE TRANSLATIONS FOR TODAY. NEXT AVAILABLE IN  23 HOURS 12 MINUTES 16 SECONDS VISIT HTTPS://MYMEMORY.TRANSLATED.NET/DOC/USAGELIMITS.PHP TO TRANSLATE MORE
dasar hasil alam simulasi banyak sekali kendala sistem nya awal kirim foto kadang hasil kirim proses nya ngak padahal kualitas foto kita liat sangat pada  foto dpr saya tes satu verifikasi ngak kita coba lanjut kunci pdfkan tidak selesai semua  ulang kali coba tetap ngak di proses,MYMEMORY WARNING: YOU USED ALL AVAILABLE FREE TRANSLATIONS FOR TODAY. NEXT AVAILABLE IN  23 HOURS 12 MINUTES 14 SECONDS VISIT HTTPS://MYMEMORY.TRANSLATED.NET/DOC/USAGELIMITS.PHP TO TRANSLATE MORE
aplikasi bwt formalitas aja mangkanya tiap kali baru aplikasi ada tingkat kualitas baik aplikasi kurang stabil maupun server di guna pas waktu catat hasil milu lalu aplikasi seringkali jadi error,MYMEMORY WARNING: YOU USED ALL AVAILABLE FREE TRANSLATIONS FOR TODAY. NEXT AVAILABLE IN  23 HOURS 12 MINUTES 13 SECONDS VISIT HTTPS://MYMEMORY.TRANSLATED.NET/DOC/USAGELIMITS.PHP TO TRANSLATE MORE
belum stabil masih banyak pr 1 login sulit beberapa perangkat 2 kualitas ambil foto buram 3 setel waktu mungut suara aplikasi henti force closed 4 ketika pindah nasional 1 dalam aplikasi aplikasi henti forced close 5 baca hasil ambil gambar perlu waktu sangat lama 6 salah ambil gambar terus ulang,MYMEMORY WARNING: YOU USED ALL AVAILABLE FREE TRANSLATIONS FOR TODAY. NEXT AVAILABLE IN  23 HOURS 12 MINUTES 12 SECONDS VISIT HTTPS://MYMEMORY.TRANSLATED.NET/DOC/USAGELIMITS.PHP TO TRANSLATE MORE
sering sekali app log out sendiri hasil gambar memang kurang jelas mohon ingat jadi foto ulang ingat foto tidak ambil galeri tulis tidak baca mohon beri ingat jg jika meng klik detail sering jadi problem shg buat sulit tugas  mohon baik,MYMEMORY WARNING: YOU USED ALL AVAILABLE FREE TRANSLATIONS FOR TODAY. NEXT AVAILABLE IN  23 HOURS 12 MINUTES 11 SECONDS VISIT HTTPS://MYMEMORY.TRANSLATED.NET/DOC/USAGELIMITS.PHP TO TRANSLATE MORE
update 2 32 bisa login loading nya lama padahal pakai ram 8gb internal masih banyak simpan mohon tingkat kualitas foto sangat beda jauh hasil dr kamera langsung sama dr aplikasi si rekap sangat susah untuk baca batas  garis  april textnya walaupun cahaya cukup bagus,MYMEMORY WARNING: YOU USED ALL AVAILABLE FREE TRANSLATIONS FOR TODAY. NEXT AVAILABLE IN  23 HOURS 12 MINUTES 09 SECONDS VISIT HTTPS://MYMEMORY.TRANSLATED.NET/DOC/USAGELIMITS.PHP TO TRANSLATE MORE
developer lebih baik mundur saja profesional kembang aplikasi acara penting ini tuju digitalisasi mudah efisiensi waktu tidak aplikasi ini sulit habis banyak waktu tambah kerja bagi it kpps foto tida stabiliter auto fokus selalu gagal verifikasi foto meski foto posisi sempurna sering log out kirim foto nunggu upload foto terlalu lama ujung ujung suruh ngulangi,MYMEMORY WARNING: YOU USED ALL AVAILABLE FREE TRANSLATIONS FOR TODAY. NEXT AVAILABLE IN  23 HOURS 12 MINUTES 08 SECONDS VISIT HTTPS://MYMEMORY.TRANSLATED.NET/DOC/USAGELIMITS.PHP TO TRANSLATE MORE
sekira siap digitalisasi engga usah paksa nanti lapang hambat sesuai foto sampe muncul bingkai kuning susah sekali yang nyoba nyampe 200an kali jepret tetep muncul bingkai kuning foto,MYMEMORY WARNING: YOU USED ALL AVAILABLE FREE TRANSLATIONS FOR TODAY. NEXT AVAILABLE IN  23 HOURS 12 MINUTES 07 SECONDS VISIT HTTPS://MYMEMORY.TRANSLATED.NET/DOC/USAGELIMITS.PHP TO TRANSLATE MORE
saat versi 2 41 mohon fitur kamera lebih tingkat aplikasi sinkron lensa utama handphone malah sinkron lensa ultra wide sebab hasil foto kurang maksimal bahkan kurang jelas baca teks maupun angka,MYMEMORY WARNING: YOU USED ALL AVAILABLE FREE TRANSLATIONS FOR TODAY. NEXT AVAILABLE IN  23 HOURS 12 MINUTES 06 SECONDS VISIT HTTPS://MYMEMORY.TRANSLATED.NET/DOC/USAGELIMITS.PHP TO TRANSLATE MORE
tuju buat aplikasi mudah bukan untuk sulit  uji sabar mau login susah inisial aplikasi baharu malah akun jadi invalid username password upload gambar hasil kurang jernih  fokus rata kalau hasil foto aplikasi kurang bagus kasih opsi buat upload foto gallery baru simulasi susah pas hari h,MYMEMORY WARNING: YOU USED ALL AVAILABLE FREE TRANSLATIONS FOR TODAY. NEXT AVAILABLE IN  23 HOURS 12 MINUTES 04 SECONDS VISIT HTTPS://MYMEMORY.TRANSLATED.NET/DOC/USAGELIMITS.PHP TO TRANSLATE MORE
untuk sempurna fiturnya autofokus saat scan buat gambar susah deteksi gagal kali saat hendak kirim server pemrosesan gambar sangat lambat aplikasi sekali input buat kalau ada salah dapat koreksi,MYMEMORY WARNING: YOU USED ALL AVAILABLE FREE TRANSLATIONS FOR TODAY. NEXT AVAILABLE IN  23 HOURS 12 MINUTES 03 SECONDS VISIT HTTPS://MYMEMORY.TRANSLATED.NET/DOC/USAGELIMITS.PHP TO TRANSLATE MORE
developer maksimal kembang aplikasi mateng ini jangan berani rilis milu tinggal besok udah pakai buat bimtek malah problem macem2 invalid username password ada yang belum login kasi bos yang pegang aplikasi nya sabar habis jaring bagus bilang aplikasi ada jaring offline bisa buat upload kacau saran siap dulu matang 2-3 tahun trial and error baru di lepas,MYMEMORY WARNING: YOU USED ALL AVAILABLE FREE TRANSLATIONS FOR TODAY. NEXT AVAILABLE IN  23 HOURS 12 MINUTES 02 SECONDS VISIT HTTPS://MYMEMORY.TRANSLATED.NET/DOC/USAGELIMITS.PHP TO TRANSLATE MORE
sangat sangat uji sabar device realme c25s nyata bisa akses guys betul alami saya coba device samsung nyata bisa padahal spesifikasi device sesuai tidak jamin nyata saran depan memang aplikasi guna mudah proses milu baik siap baik mungkin jangan ini banyangkan h-8 hari aplikasi banyak kendala alhamdulillah guis diupdate udah gampang loginnya,MYMEMORY WARNING: YOU USED ALL AVAILABLE FREE TRANSLATIONS FOR TODAY. NEXT AVAILABLE IN  23 HOURS 12 MINUTES 00 SECONDS VISIT HTTPS://MYMEMORY.TRANSLATED.NET/DOC/USAGELIMITS.PHP TO TRANSLATE MORE
username pasword salah terus padahal awal masuk gabisa ganti pasword maksutnya gimana username sama pasword sesuai kirim sama aktivasi kpu siap buat aplikasi sistem kayak kurang kalau jaring simpan pengaruh pakai device ram 8 256 guna wifi hanya saja pake sengaja masuk di aplikasi aja,MYMEMORY WARNING: YOU USED ALL AVAILABLE FREE TRANSLATIONS FOR TODAY. NEXT AVAILABLE IN  23 HOURS 11 MINUTES 59 SECONDS VISIT HTTPS://MYMEMORY.TRANSLATED.NET/DOC/USAGELIMITS.PHP TO TRANSLATE MORE
ada aplikasi mudah proses nya nanti kalau awal udah begini banyak eror sistem jalan yabuat apa untuk aplikasi nya siap lebih matang tahun depan bintang 3 dulu misal apknya tingkat rate ulang,MYMEMORY WARNING: YOU USED ALL AVAILABLE FREE TRANSLATIONS FOR TODAY. NEXT AVAILABLE IN  23 HOURS 11 MINUTES 58 SECONDS VISIT HTTPS://MYMEMORY.TRANSLATED.NET/DOC/USAGELIMITS.PHP TO TRANSLATE MORE
belum ingin apresiasi digitalisasi aspek kait milu harus aplikasi kembang sejak lama kesan lihat baru kembang kemarin sore jangan masuk jalan inisial nya susah entah time out error lah bagai bukan mudah malah tambah masalah rasa,MYMEMORY WARNING: YOU USED ALL AVAILABLE FREE TRANSLATIONS FOR TODAY. NEXT AVAILABLE IN  23 HOURS 11 MINUTES 57 SECONDS VISIT HTTPS://MYMEMORY.TRANSLATED.NET/DOC/USAGELIMITS.PHP TO TRANSLATE MORE
kalo gambar verifikasi bs hapus ato ambil ulang gambar padahal kunci masih banyak kendala lain salah satu angka hasil scan muncul seringkali tidak bs edit ini potensi panjang durasi kerja kpps banding thn 2019 kemarin,MYMEMORY WARNING: YOU USED ALL AVAILABLE FREE TRANSLATIONS FOR TODAY. NEXT AVAILABLE IN  23 HOURS 11 MINUTES 55 SECONDS VISIT HTTPS://MYMEMORY.TRANSLATED.NET/DOC/USAGELIMITS.PHP TO TRANSLATE MORE
 hasil login eh aplikasi tutup malah error  mungkin lama waktu hitung sirekap ambil foto langsung c plano hasil foto di file  bagus ambil file sirekap bisa foto c plano lebih tanpa ganggu proses hitung lanjut  moga baik biar bintang tambah,MYMEMORY WARNING: YOU USED ALL AVAILABLE FREE TRANSLATIONS FOR TODAY. NEXT AVAILABLE IN  23 HOURS 11 MINUTES 54 SECONDS VISIT HTTPS://MYMEMORY.TRANSLATED.NET/DOC/USAGELIMITS.PHP TO TRANSLATE MORE
kualitas kamera aplikasi nya jelek hasil foto jadi buram ku kira bakal otomatis hasil scan terang jelas nyata tidak login susah upload susah verif lama bukan cepat lambat belum siap perlu paksa hambat,MYMEMORY WARNING: YOU USED ALL AVAILABLE FREE TRANSLATIONS FOR TODAY. NEXT AVAILABLE IN  23 HOURS 11 MINUTES 53 SECONDS VISIT HTTPS://MYMEMORY.TRANSLATED.NET/DOC/USAGELIMITS.PHP TO TRANSLATE MORE
aplikasi siap paksa milu tinggal hitung hari handphone ketika loading terus muncul notifikasi jadi salah siap perangkat pasti hubung internet padahal paket data jelas aktif pake wifi bisa mohon tinjau ulang cek kompatibilitas luas soal jenis handphone pakai kpps juga macam macam tidak semua handphone baru,MYMEMORY WARNING: YOU USED ALL AVAILABLE FREE TRANSLATIONS FOR TODAY. NEXT AVAILABLE IN  23 HOURS 11 MINUTES 47 SECONDS VISIT HTTPS://MYMEMORY.TRANSLATED.NET/DOC/USAGELIMITS.PHP TO TRANSLATE MORE
aplikasi ini buat login malah gabisa udah masuk pin sidik jari handphone malah bisa inisial lebih baik lebih perhati tidak sulit guna nya capek kak salahin jaring terus pdhl jaring bagus banget buat scroll aplikasi tidak masalah sama sekali jaring wkwkwk lebih di perhati aplikasi ini beberapa banyak yang alami saya,MYMEMORY WARNING: YOU USED ALL AVAILABLE FREE TRANSLATIONS FOR TODAY. NEXT AVAILABLE IN  23 HOURS 11 MINUTES 46 SECONDS VISIT HTTPS://MYMEMORY.TRANSLATED.NET/DOC/USAGELIMITS.PHP TO TRANSLATE MORE
hasil log in buka menu aplikasi versi 2 30 sukses suruh admin grup sirekap update versi baru 2 32 akhir bisa buka menu aplikasi stuck di menu kpu aja nyesel update 2 32 baik terimakasih,MYMEMORY WARNING: YOU USED ALL AVAILABLE FREE TRANSLATIONS FOR TODAY. NEXT AVAILABLE IN  23 HOURS 11 MINUTES 44 SECONDS VISIT HTTPS://MYMEMORY.TRANSLATED.NET/DOC/USAGELIMITS.PHP TO TRANSLATE MORE
aplikasi kes terlalu paksa terlalu terburu2 terlalu banyak masalah kendala lapang terlalu banyak bug versi pertama 2 30 baru berapa hari muncul 2 32 suruh simulasi eh simulasi kelar malah lagi versi 2 35 trus beres kapan milu tinggal hitung hari aplikasi kalau bisa guna mending gausah luncur buat ribet,MYMEMORY WARNING: YOU USED ALL AVAILABLE FREE TRANSLATIONS FOR TODAY. NEXT AVAILABLE IN  23 HOURS 11 MINUTES 43 SECONDS VISIT HTTPS://MYMEMORY.TRANSLATED.NET/DOC/USAGELIMITS.PHP TO TRANSLATE MORE
sangat apresiasi aplikasi tapi pakai banyak performa server pusat baik karena login sulit kalau upload foto rekap interface aplikasi baik lebih enak lihat mudah user erti kalau memang siap launching jangan di launching kan baik error-error yang ada dulu,MYMEMORY WARNING: YOU USED ALL AVAILABLE FREE TRANSLATIONS FOR TODAY. NEXT AVAILABLE IN  23 HOURS 11 MINUTES 42 SECONDS VISIT HTTPS://MYMEMORY.TRANSLATED.NET/DOC/USAGELIMITS.PHP TO TRANSLATE MORE
kurang bug mudah login sinyal kecil kalau aplikasi tetap jalan soal kalau mode offline ediy angka satu satu malah mudah kerja kpps misal besok hari h aplikasi matang rubah atur tidak usah guna dulu tambah bingung kerja kpps lain keteter tambah tombol edit check gambar bisa check ulang jumlah hla kalau salah satu kali jadi salah semua,MYMEMORY WARNING: YOU USED ALL AVAILABLE FREE TRANSLATIONS FOR TODAY. NEXT AVAILABLE IN  23 HOURS 11 MINUTES 40 SECONDS VISIT HTTPS://MYMEMORY.TRANSLATED.NET/DOC/USAGELIMITS.PHP TO TRANSLATE MORE
terlalu paksa guna siap bilang ada bukan matang banyak bug  error lot tetap indikasi ada bobol data curang suara lihat kualitas kemananan server aplikasi tidak jelas h-11 milu,MYMEMORY WARNING: YOU USED ALL AVAILABLE FREE TRANSLATIONS FOR TODAY. NEXT AVAILABLE IN  23 HOURS 11 MINUTES 39 SECONDS VISIT HTTPS://MYMEMORY.TRANSLATED.NET/DOC/USAGELIMITS.PHP TO TRANSLATE MORE
update malah bisa masuk kendala username password nya salah padahal username dan password nya di guna password sudah otomatis simpan di hp layak pakai aplikasi ini bukan nya mudah malah ngabisin kuota hadehh,MYMEMORY WARNING: YOU USED ALL AVAILABLE FREE TRANSLATIONS FOR TODAY. NEXT AVAILABLE IN  23 HOURS 11 MINUTES 38 SECONDS VISIT HTTPS://MYMEMORY.TRANSLATED.NET/DOC/USAGELIMITS.PHP TO TRANSLATE MORE
sangat apresiasi sekali hadir aplikasi ini namun waktu simulasi serta lain mengalmi beberapa kendala aplikasi salah baca data ambil hasil ambil gambar selalu buram kurang maksimal ambil gambar berulang2 tetap slow respon depan moga waktu laksana hari h semua kendali jalan baik moga depan negara indonesia jadi negara lebih maju pimpin baru,MYMEMORY WARNING: YOU USED ALL AVAILABLE FREE TRANSLATIONS FOR TODAY. NEXT AVAILABLE IN  23 HOURS 11 MINUTES 37 SECONDS VISIT HTTPS://MYMEMORY.TRANSLATED.NET/DOC/USAGELIMITS.PHP TO TRANSLATE MORE
dowloadnya lama udah terdowload mau masuk ana susah sekali aplikasi benar ini udah mau 2 jam bolak balik masuk dalam aplikasi susah bisa masuk selalu muncul jadi salah inisial aplikasi gagal dapat sertifikat digital,MYMEMORY WARNING: YOU USED ALL AVAILABLE FREE TRANSLATIONS FOR TODAY. NEXT AVAILABLE IN  23 HOURS 11 MINUTES 35 SECONDS VISIT HTTPS://MYMEMORY.TRANSLATED.NET/DOC/USAGELIMITS.PHP TO TRANSLATE MORE
mohon baik codingan nya scanner nya dpt mengscan walaupun foto nya pas mohon maksimal menu edit info dr pps menu edit halaman belakang tidak guna harus edit pusat walaupun saya edit bisa dan dapat di submit jika hal benar menu edit halaman belakang dpt guna sesuai fungsi,MYMEMORY WARNING: YOU USED ALL AVAILABLE FREE TRANSLATIONS FOR TODAY. NEXT AVAILABLE IN  23 HOURS 11 MINUTES 34 SECONDS VISIT HTTPS://MYMEMORY.TRANSLATED.NET/DOC/USAGELIMITS.PHP TO TRANSLATE MORE
belum ingin apresiasi digitalisasi aspek kait milu tapi 1 masalah log in banyak error jadi login lalu aplikasi lalu web ada kendala 2 buat pandu elektronik jelas upa video kait atas masa login ini saat bimtek banyak tidak bagi ikut meeting zoom 3 hendak laku uji jauh hari 1 tahun luncur jangan yang tuju mudah malah sulit ty,MYMEMORY WARNING: YOU USED ALL AVAILABLE FREE TRANSLATIONS FOR TODAY. NEXT AVAILABLE IN  23 HOURS 11 MINUTES 33 SECONDS VISIT HTTPS://MYMEMORY.TRANSLATED.NET/DOC/USAGELIMITS.PHP TO TRANSLATE MORE
saran saja kalo program kerja apa perintah mau pake aplikasi uji bener lancar buat banyak orang jadi yang pake aplikasi nya sulit hambat kerja saya banyak alami hambat guna aplikasi nya contoh  bisa masuk loading lama jadi mohon baik kendala macam ituu timbang terimakasih,MYMEMORY WARNING: YOU USED ALL AVAILABLE FREE TRANSLATIONS FOR TODAY. NEXT AVAILABLE IN  23 HOURS 11 MINUTES 32 SECONDS VISIT HTTPS://MYMEMORY.TRANSLATED.NET/DOC/USAGELIMITS.PHP TO TRANSLATE MORE
gagal terus upload foto diupgrade malah tambah sulit  saran mending buat manual saja unggah foto jadi data dukung saja biar cepat mohon baik biar lebih cepat mudah kalo waktu ambil foto gambar tambah menu masuk galeri foto aplikasi sirekap bisa fokus,MYMEMORY WARNING: YOU USED ALL AVAILABLE FREE TRANSLATIONS FOR TODAY. NEXT AVAILABLE IN  23 HOURS 11 MINUTES 30 SECONDS VISIT HTTPS://MYMEMORY.TRANSLATED.NET/DOC/USAGELIMITS.PHP TO TRANSLATE MORE
aplikasi tolol pernah gua install loginnya lama gambar blur jelas ada fitur autofocus ada fitur ambil foto galeri loadingnya lama kek asu makan kalau projek jangan korupsi biar buat aplikasi bagus kek sampah ini tolol ,MYMEMORY WARNING: YOU USED ALL AVAILABLE FREE TRANSLATIONS FOR TODAY. NEXT AVAILABLE IN  23 HOURS 11 MINUTES 29 SECONDS VISIT HTTPS://MYMEMORY.TRANSLATED.NET/DOC/USAGELIMITS.PHP TO TRANSLATE MORE
percumah pake aplikasi kalo pake metode manual fungsi aplikasi mudah cepat malah tambah kerja pake mode online otomatis lama nunggu verifikasi foto saran pake mode offline manual input semua data,MYMEMORY WARNING: YOU USED ALL AVAILABLE FREE TRANSLATIONS FOR TODAY. NEXT AVAILABLE IN  23 HOURS 11 MINUTES 28 SECONDS VISIT HTTPS://MYMEMORY.TRANSLATED.NET/DOC/USAGELIMITS.PHP TO TRANSLATE MORE
aplikasi banyak sekali bug nya bolak balik update tidak selesai masalah ada seperti aplikasi paksa kesiap jelas sama sekali tambah  kalau 2 operator tidak kerja sma tugas biar lebih cepat masa kalau operator 1 error ditengah2 proses trs operator 2 mulai awal lagi,MYMEMORY WARNING: YOU USED ALL AVAILABLE FREE TRANSLATIONS FOR TODAY. NEXT AVAILABLE IN  23 HOURS 11 MINUTES 26 SECONDS VISIT HTTPS://MYMEMORY.TRANSLATED.NET/DOC/USAGELIMITS.PHP TO TRANSLATE MORE
apk sangat siap guna karena banyak kendala saat login kendala proses inisial eror maupun bug dn telah login divice perangkat satu login divice lain walaupun clear data di apknya tidak bisa login di perngkt lain kembang lebih perhati dn baharu sistim aplikasi,MYMEMORY WARNING: YOU USED ALL AVAILABLE FREE TRANSLATIONS FOR TODAY. NEXT AVAILABLE IN  23 HOURS 11 MINUTES 25 SECONDS VISIT HTTPS://MYMEMORY.TRANSLATED.NET/DOC/USAGELIMITS.PHP TO TRANSLATE MORE
hasil foto bureng padahal kamera handphone bagus fitur cropnya fungsi baik diupdate malah ada fitur edit salah baca c formulir untuk edit salah input nama pps saksi awas,MYMEMORY WARNING: YOU USED ALL AVAILABLE FREE TRANSLATIONS FOR TODAY. NEXT AVAILABLE IN  23 HOURS 11 MINUTES 23 SECONDS VISIT HTTPS://MYMEMORY.TRANSLATED.NET/DOC/USAGELIMITS.PHP TO TRANSLATE MORE
aplikasi error sering jadi salah tangan server kurang rensponsif padahal satu tps sama ada 2 sirekap kata salah satu bagai cadang pas penginputan data sirekap 1 2 beda jadi masalah takut jadi curang double data,MYMEMORY WARNING: YOU USED ALL AVAILABLE FREE TRANSLATIONS FOR TODAY. NEXT AVAILABLE IN  23 HOURS 11 MINUTES 22 SECONDS VISIT HTTPS://MYMEMORY.TRANSLATED.NET/DOC/USAGELIMITS.PHP TO TRANSLATE MORE
pake samsung a20s versi 11 kamera aplikasi sirekap sangat buram kamera bawa jernih jelas segera baik ada pemberitahuan sirekap guna handphone versi berapa versi 11 hasil foto buram versi 7 hasil foto bagus aplikasi keluar terus,MYMEMORY WARNING: YOU USED ALL AVAILABLE FREE TRANSLATIONS FOR TODAY. NEXT AVAILABLE IN  23 HOURS 11 MINUTES 21 SECONDS VISIT HTTPS://MYMEMORY.TRANSLATED.NET/DOC/USAGELIMITS.PHP TO TRANSLATE MORE
loadingnya lama handphone sudah masuk handphone canggih padahal kamera ambil gambar juga perhati yang baca kamera ultrawide tingkat tajam jadi kurang buat sistem sering salah baca teks,MYMEMORY WARNING: YOU USED ALL AVAILABLE FREE TRANSLATIONS FOR TODAY. NEXT AVAILABLE IN  23 HOURS 11 MINUTES 19 SECONDS VISIT HTTPS://MYMEMORY.TRANSLATED.NET/DOC/USAGELIMITS.PHP TO TRANSLATE MORE
1 update kata lebih baik nyata sama aja 2 sinkronisasi foto lama 3 kualitas foto jelek filter tambah dar fokus tidak ada 4 keluar sendiri sesi habis kalo gitu sinkron foto jangan lama2 biar cepet kerja 5 sulit tugas hidup,MYMEMORY WARNING: YOU USED ALL AVAILABLE FREE TRANSLATIONS FOR TODAY. NEXT AVAILABLE IN  23 HOURS 11 MINUTES 18 SECONDS VISIT HTTPS://MYMEMORY.TRANSLATED.NET/DOC/USAGELIMITS.PHP TO TRANSLATE MORE
kemarin update tes upload foto bisa trs sekarang nyobain buat login eh keluar pop up ada profil aktif trs coba update aplikasi nya versi baru 2 februari cobain login malah muncul perangkat registrasi akun lain gitu terus sampe 3 menit coba ttep gabisa trs coba hapus chace hapus data apk masukin data tapi malah stak dapat kunci digital udah coba hapus sidik jari trs bikin ttep gabisa lucu,MYMEMORY WARNING: YOU USED ALL AVAILABLE FREE TRANSLATIONS FOR TODAY. NEXT AVAILABLE IN  23 HOURS 11 MINUTES 17 SECONDS VISIT HTTPS://MYMEMORY.TRANSLATED.NET/DOC/USAGELIMITS.PHP TO TRANSLATE MORE
aplikasi kejar tayang aplikasi siap guna di uji coba jauh bulan lalu pada saat di guna serentak ada masalah digitalisasi mudah perangkat siap malah nempersulit,MYMEMORY WARNING: YOU USED ALL AVAILABLE FREE TRANSLATIONS FOR TODAY. NEXT AVAILABLE IN  23 HOURS 11 MINUTES 16 SECONDS VISIT HTTPS://MYMEMORY.TRANSLATED.NET/DOC/USAGELIMITS.PHP TO TRANSLATE MORE
kak saya bisa login padahal username password sesuai milu sebentar kok kerja nya harus aplikasi selesai kembang sejak lama aplikasi di upgrade susah2 masuk lho kak pas udah masuk situ malah tiba2 upgrade mending kalo bener ini itu nyusahin bgt,MYMEMORY WARNING: YOU USED ALL AVAILABLE FREE TRANSLATIONS FOR TODAY. NEXT AVAILABLE IN  23 HOURS 11 MINUTES 14 SECONDS VISIT HTTPS://MYMEMORY.TRANSLATED.NET/DOC/USAGELIMITS.PHP TO TRANSLATE MORE
aplikasi ratus persen siap guna knapa 1 login sering susah eror mungkin server optimal baru simulasi lho belum nanti kumpul data pda tgl 14 nanti 2 hasil foto aplikasi sirekap dukung flash fitur eis bawa hp foto rawan goyang hasil blur parah,MYMEMORY WARNING: YOU USED ALL AVAILABLE FREE TRANSLATIONS FOR TODAY. NEXT AVAILABLE IN  23 HOURS 11 MINUTES 13 SECONDS VISIT HTTPS://MYMEMORY.TRANSLATED.NET/DOC/USAGELIMITS.PHP TO TRANSLATE MORE
mohon benah kembali aplikasi sangat layak pas unggah sering keluar sendiri untuk kamera sangat burem mohon ada menu langsung upload foto agar hasil gambar lebih jelas jernih,MYMEMORY WARNING: YOU USED ALL AVAILABLE FREE TRANSLATIONS FOR TODAY. NEXT AVAILABLE IN  23 HOURS 11 MINUTES 12 SECONDS VISIT HTTPS://MYMEMORY.TRANSLATED.NET/DOC/USAGELIMITS.PHP TO TRANSLATE MORE
bisa ganti password untuk masuk lanjut gagal kait inisial keluar pas masuk untuk coba malah bisa masuk padahal guna password baru padahal hari laksana dekat kendala aplikasi selesai sangat sangat kecewa,MYMEMORY WARNING: YOU USED ALL AVAILABLE FREE TRANSLATIONS FOR TODAY. NEXT AVAILABLE IN  23 HOURS 11 MINUTES 11 SECONDS VISIT HTTPS://MYMEMORY.TRANSLATED.NET/DOC/USAGELIMITS.PHP TO TRANSLATE MORE
aplikasi hambat waktu selesai acara milu percuma hasil di ganda biar banyak nulis cepet selesai dengan ada aplikasi siap itu percuma bakal tidak ada beda sama tahun belum bakal tetep pulang subuh lagi,MYMEMORY WARNING: YOU USED ALL AVAILABLE FREE TRANSLATIONS FOR TODAY. NEXT AVAILABLE IN  23 HOURS 11 MINUTES 09 SECONDS VISIT HTTPS://MYMEMORY.TRANSLATED.NET/DOC/USAGELIMITS.PHP TO TRANSLATE MORE
tuju cipta digitaliaasi sangat baik efisien waktu bantu data tetap aman hasil lapang sesuai target alhasil sering jadi bug salah satu waktu mau upload data ke log out terus login lagi marker deteksi leta fitur nya terlalu ribet tidak mudah guna sekali kalo masuk data saksi tidak hapus entah bagaimana cara hapus nya moga waktu hari h tidak ada kendala demikian,MYMEMORY WARNING: YOU USED ALL AVAILABLE FREE TRANSLATIONS FOR TODAY. NEXT AVAILABLE IN  23 HOURS 11 MINUTES 03 SECONDS VISIT HTTPS://MYMEMORY.TRANSLATED.NET/DOC/USAGELIMITS.PHP TO TRANSLATE MORE
aplikasi mlah susah fokus foto tidak bagus scan manual force close jaring sibuk aplikasi coba saat milu langsung sudah punya kualitas buruk saat milu laku,MYMEMORY WARNING: YOU USED ALL AVAILABLE FREE TRANSLATIONS FOR TODAY. NEXT AVAILABLE IN  23 HOURS 11 MINUTES 02 SECONDS VISIT HTTPS://MYMEMORY.TRANSLATED.NET/DOC/USAGELIMITS.PHP TO TRANSLATE MORE
baik kualitas aplikasi kalau mau rekap hasil milu jalan lancar fix sangat bagong ni aplikasi mencet tombol jari gel tetep bisa baca tuh sidik jari,MYMEMORY WARNING: YOU USED ALL AVAILABLE FREE TRANSLATIONS FOR TODAY. NEXT AVAILABLE IN  23 HOURS 11 MINUTES 01 SECONDS VISIT HTTPS://MYMEMORY.TRANSLATED.NET/DOC/USAGELIMITS.PHP TO TRANSLATE MORE
aplikasi henti selesai penginstalan saja itu bisa buka sejak pagi tadi sore ini lagi apa iya mau guna handphone pribadi input data pilih presiden bagaimana kalau hitung suara telpon masuk pesan wa masuk dsb tidak siap guna perangkat seperti laptop pc jenis saja,MYMEMORY WARNING: YOU USED ALL AVAILABLE FREE TRANSLATIONS FOR TODAY. NEXT AVAILABLE IN  23 HOURS 10 MINUTES 59 SECONDS VISIT HTTPS://MYMEMORY.TRANSLATED.NET/DOC/USAGELIMITS.PHP TO TRANSLATE MORE
siap software matang bingung admin tiap tps banyak eror jadi log in tidak bisa entah apa hampir semua alami kendala sama h-10 software tidak sesuai bayang teknis moga cepat baik demi lancar milu,MYMEMORY WARNING: YOU USED ALL AVAILABLE FREE TRANSLATIONS FOR TODAY. NEXT AVAILABLE IN  23 HOURS 10 MINUTES 58 SECONDS VISIT HTTPS://MYMEMORY.TRANSLATED.NET/DOC/USAGELIMITS.PHP TO TRANSLATE MORE
mohon segera tingkat bro besok lusa udah dipake sekarang buat uji coba lama banget proses ada beberapa eror kwalitas gambar hasil foto kalau di perbaikin ada mode buat ngefokusin laah sama pemprosesan data diperbaikin biar lebih cepat baca data yang tepat msak 5 kali salah terus bro,MYMEMORY WARNING: YOU USED ALL AVAILABLE FREE TRANSLATIONS FOR TODAY. NEXT AVAILABLE IN  23 HOURS 10 MINUTES 57 SECONDS VISIT HTTPS://MYMEMORY.TRANSLATED.NET/DOC/USAGELIMITS.PHP TO TRANSLATE MORE
hasil scan burem bisa fokus baca hasil padahal kamera asli android jernih bisa disetting pula mohon tingkat kualitas gambar itu pengaruh hasil trima kasih,MYMEMORY WARNING: YOU USED ALL AVAILABLE FREE TRANSLATIONS FOR TODAY. NEXT AVAILABLE IN  23 HOURS 10 MINUTES 55 SECONDS VISIT HTTPS://MYMEMORY.TRANSLATED.NET/DOC/USAGELIMITS.PHP TO TRANSLATE MORE
kpu ri gimana sih kok langsung login loading nya lama tidak masuk halaman akun malah suruh buang data cache kemudian sampah data aku buang ehh malah sama ajaa gimana nih ribet sistem nyaa,MYMEMORY WARNING: YOU USED ALL AVAILABLE FREE TRANSLATIONS FOR TODAY. NEXT AVAILABLE IN  23 HOURS 10 MINUTES 54 SECONDS VISIT HTTPS://MYMEMORY.TRANSLATED.NET/DOC/USAGELIMITS.PHP TO TRANSLATE MORE
aplikasi siap guna sulit bukan mudah jauh selalu suruh update simulasi berubah2 teknis kalau memang siap jangan paksa suka keluar sendiri autentikasi sidik jari suka masalah kata direset ada data tinggal update akhir unggah online warna merah mulu padahal tempat jaring bagus stabil kl warna biru masuk server h-3 ada jelas nyata rawan sekali,MYMEMORY WARNING: YOU USED ALL AVAILABLE FREE TRANSLATIONS FOR TODAY. NEXT AVAILABLE IN  23 HOURS 10 MINUTES 53 SECONDS VISIT HTTPS://MYMEMORY.TRANSLATED.NET/DOC/USAGELIMITS.PHP TO TRANSLATE MORE
buruk sekali tadi bimtek sehararusnya simulasi ajar cara guna aplikasi sirekap nyata 1 jam loading terus pulang bisa masuk semua serta operator sirekap ada bisa masuk lama nunggu malah tulis jadi salah inisial aplikasi gagal dapat kunci digital timeout gagal dapat kunci digital internal server error,MYMEMORY WARNING: YOU USED ALL AVAILABLE FREE TRANSLATIONS FOR TODAY. NEXT AVAILABLE IN  23 HOURS 10 MINUTES 52 SECONDS VISIT HTTPS://MYMEMORY.TRANSLATED.NET/DOC/USAGELIMITS.PHP TO TRANSLATE MORE
udah update malah bisa masuk jadi salah laku inisial aplikasi gagal dapat kunci digital udah ikutin smua cara masih sama bisa juga hampir smua kendala nya gitu trus pilih tinggal berapa hari lagi aplikasi nya problem smua kata mudah kok malah gin mohon dong solusi nya udah mumet,MYMEMORY WARNING: YOU USED ALL AVAILABLE FREE TRANSLATIONS FOR TODAY. NEXT AVAILABLE IN  23 HOURS 10 MINUTES 51 SECONDS VISIT HTTPS://MYMEMORY.TRANSLATED.NET/DOC/USAGELIMITS.PHP TO TRANSLATE MORE
login bisa masuk sertifikasi gagal terus udah nyoba dihp tteep bisa android 11 padahal kata server down banyak pake nyoba jam 1 pagi juga tetep bisa udah nyoba hapus chache hapus data uninstall aplikasi kali kali tetep bisa tolong baik sistem ini buat 1 indonesia loh terimakasih,MYMEMORY WARNING: YOU USED ALL AVAILABLE FREE TRANSLATIONS FOR TODAY. NEXT AVAILABLE IN  23 HOURS 10 MINUTES 49 SECONDS VISIT HTTPS://MYMEMORY.TRANSLATED.NET/DOC/USAGELIMITS.PHP TO TRANSLATE MORE
aplikasi sangat jauh layak banyak bug hasil simulasi tgl 6 kemarin sering aplikasi logout sendiri akan ambil foto dokumen c1 terus waktu pemrosesan foto lumayan lama kalau emang siap lebih baik batal guna sirekap,MYMEMORY WARNING: YOU USED ALL AVAILABLE FREE TRANSLATIONS FOR TODAY. NEXT AVAILABLE IN  23 HOURS 10 MINUTES 48 SECONDS VISIT HTTPS://MYMEMORY.TRANSLATED.NET/DOC/USAGELIMITS.PHP TO TRANSLATE MORE
sulit sekali login banyak sekali tindak sudah coba log in jangan bisa foto c hasil simulasi login rata 90 kpps wilayah sama pegang aplikasi alami masalah sama susah log in dari sistem androidnya tidak masalah tapi aplikasi benar uji sabar guna - -,MYMEMORY WARNING: YOU USED ALL AVAILABLE FREE TRANSLATIONS FOR TODAY. NEXT AVAILABLE IN  23 HOURS 10 MINUTES 47 SECONDS VISIT HTTPS://MYMEMORY.TRANSLATED.NET/DOC/USAGELIMITS.PHP TO TRANSLATE MORE
3 hari coba masuk kali buka aplikasi nya malah jaring jadi jelek saat buka aplikasi lain lancar saja harus lebih tingkat karena permasalahnnya jaring tidak semua jaring indonesia bagus,MYMEMORY WARNING: YOU USED ALL AVAILABLE FREE TRANSLATIONS FOR TODAY. NEXT AVAILABLE IN  23 HOURS 10 MINUTES 45 SECONDS VISIT HTTPS://MYMEMORY.TRANSLATED.NET/DOC/USAGELIMITS.PHP TO TRANSLATE MORE
menu kamera kamera guna hanya kamera ultra wide jadi hasil sedikit buram juga hasil distorsi di baru atau sedia opsi kamera wide biasa gambar lebih jelas device sony xperia 1,MYMEMORY WARNING: YOU USED ALL AVAILABLE FREE TRANSLATIONS FOR TODAY. NEXT AVAILABLE IN  23 HOURS 10 MINUTES 44 SECONDS VISIT HTTPS://MYMEMORY.TRANSLATED.NET/DOC/USAGELIMITS.PHP TO TRANSLATE MORE
mula awal login hingga ganti password pertama tanggal 3februari bimtek lanjut info ad update versi baru lalu langsg di-update versi baru 2 32 versi update per 2 februari eehh nyata tak bisa login kpu benar benar siap y sistem penuh trouble kn siakba tmpo hari gitu upload disalahin jaring tethering kan kwan kawan pakai hostpot aman aj handphone penuh padahal kosong tengah memori,MYMEMORY WARNING: YOU USED ALL AVAILABLE FREE TRANSLATIONS FOR TODAY. NEXT AVAILABLE IN  23 HOURS 10 MINUTES 43 SECONDS VISIT HTTPS://MYMEMORY.TRANSLATED.NET/DOC/USAGELIMITS.PHP TO TRANSLATE MORE
coba upload beberapa c hasil latih baru beberapa foto cache tinggal simpan lumayan cukup besar juga perlu jaring internet bener2 jos krna klik detail nyata foto gagal unggah,MYMEMORY WARNING: YOU USED ALL AVAILABLE FREE TRANSLATIONS FOR TODAY. NEXT AVAILABLE IN  23 HOURS 10 MINUTES 42 SECONDS VISIT HTTPS://MYMEMORY.TRANSLATED.NET/DOC/USAGELIMITS.PHP TO TRANSLATE MORE
kamera klo dalam aplikasi bagus apa jadi buram fokus itu tidak bisa upload foto galeri juga padahal klo pke kamera biasa tulis nya sangat jelas kok baca angka nya banyak masalah,MYMEMORY WARNING: YOU USED ALL AVAILABLE FREE TRANSLATIONS FOR TODAY. NEXT AVAILABLE IN  23 HOURS 10 MINUTES 40 SECONDS VISIT HTTPS://MYMEMORY.TRANSLATED.NET/DOC/USAGELIMITS.PHP TO TRANSLATE MORE
hanya masuk menu awal proses inisiasi aktivasi juga masuk error jaring internet saat guna wifi proses aktivasi lebih cepat karena os gawai tidak dukung terang aplikasi guna os android 7 0 yang baru sangat hambat proses kenal tata cara guna aplikasi sampai saat ini bisa guna waktu mulai batas,MYMEMORY WARNING: YOU USED ALL AVAILABLE FREE TRANSLATIONS FOR TODAY. NEXT AVAILABLE IN  23 HOURS 10 MINUTES 39 SECONDS VISIT HTTPS://MYMEMORY.TRANSLATED.NET/DOC/USAGELIMITS.PHP TO TRANSLATE MORE
jelek sekali handphone ram 8 simpan 130 gb susah banget ngirim gambar kluar mulu suruh login mulu lama banget pake aplikasi tolong baik segera banyak keluh hanya banyak yang eror,MYMEMORY WARNING: YOU USED ALL AVAILABLE FREE TRANSLATIONS FOR TODAY. NEXT AVAILABLE IN  23 HOURS 10 MINUTES 38 SECONDS VISIT HTTPS://MYMEMORY.TRANSLATED.NET/DOC/USAGELIMITS.PHP TO TRANSLATE MORE
yakin digitalisasi sangat efisien aspek data ini lebih utama bisa mungkin 6 bulan guna lancar guna aplikasi bukan kaum muda beberapa masih proses paham teknologi mungkin menu sudah sangat mudah paham saja proses langkah log in sudah masalah yakin perintah bangun aplikasi lebih sempurna pada produk swasta itu moga lancar waktu di hari h,MYMEMORY WARNING: YOU USED ALL AVAILABLE FREE TRANSLATIONS FOR TODAY. NEXT AVAILABLE IN  23 HOURS 10 MINUTES 36 SECONDS VISIT HTTPS://MYMEMORY.TRANSLATED.NET/DOC/USAGELIMITS.PHP TO TRANSLATE MORE
aplikasi jelek gimana mau lancar pas milu login udah banyak masalah pas laksana nanti seluruh serentak kirim data lebih errorr lagi hadeh  aplikasi dada kasih saran sih kalau mau pakai aplikasi rencana buat aplikasi mumpuni,MYMEMORY WARNING: YOU USED ALL AVAILABLE FREE TRANSLATIONS FOR TODAY. NEXT AVAILABLE IN  23 HOURS 10 MINUTES 35 SECONDS VISIT HTTPS://MYMEMORY.TRANSLATED.NET/DOC/USAGELIMITS.PHP TO TRANSLATE MORE
mohon devlover apknya aplikasi bug aplikasi siap sama sekali terlalu banyak gagal servernya sendiri kalau memang siap launching jangan launchingkan terlalu paksa guna siap bilang ada bukan matang pakai wifi kapasitas jaring kenceng tetap ada ingat salah inisial harus apknya kembang sejak lama kesan lihat di kembang baru kemaren sore sangat susah kami,MYMEMORY WARNING: YOU USED ALL AVAILABLE FREE TRANSLATIONS FOR TODAY. NEXT AVAILABLE IN  23 HOURS 10 MINUTES 34 SECONDS VISIT HTTPS://MYMEMORY.TRANSLATED.NET/DOC/USAGELIMITS.PHP TO TRANSLATE MORE
aplikasi layak guna banyak eror sudah login keluar sendiri pasti muncul terang ada profil aktif tanya yang tanggung jawab ada jawab coba terus bisa hadehhh kalau kayak gin pas di guna besok bukan bantu cepat malah lambat makin lama,MYMEMORY WARNING: YOU USED ALL AVAILABLE FREE TRANSLATIONS FOR TODAY. NEXT AVAILABLE IN  23 HOURS 10 MINUTES 33 SECONDS VISIT HTTPS://MYMEMORY.TRANSLATED.NET/DOC/USAGELIMITS.PHP TO TRANSLATE MORE
versi 2 30 login kualitas kamera ambil foto sangat jelek sekali update versi 2 32 malah bisa login baik lagi lancar semua waktu coblos dekat,MYMEMORY WARNING: YOU USED ALL AVAILABLE FREE TRANSLATIONS FOR TODAY. NEXT AVAILABLE IN  23 HOURS 10 MINUTES 31 SECONDS VISIT HTTPS://MYMEMORY.TRANSLATED.NET/DOC/USAGELIMITS.PHP TO TRANSLATE MORE
sensor deteksi foto scanya baik pak soal sering gagal terus terus ulang foto misal gin terus alamat pak foto ulang terus masuk masuk halaman ajah untuk deteksi lebih 10x pak padahal jaring bagus,MYMEMORY WARNING: YOU USED ALL AVAILABLE FREE TRANSLATIONS FOR TODAY. NEXT AVAILABLE IN  23 HOURS 10 MINUTES 30 SECONDS VISIT HTTPS://MYMEMORY.TRANSLATED.NET/DOC/USAGELIMITS.PHP TO TRANSLATE MORE
gimana aplikasi nya beberapa kali bolak balik install uninstall ubah pass beberapa kali minta pass ulang msh login mana mau dekat hari milu gara2 aplikasi nya tidak bisa kepake jadi susah tahap login gbisa apa mau simulasi baik lah cepat soal login susah banget tahap simulasi belum coba gimana,MYMEMORY WARNING: YOU USED ALL AVAILABLE FREE TRANSLATIONS FOR TODAY. NEXT AVAILABLE IN  23 HOURS 10 MINUTES 29 SECONDS VISIT HTTPS://MYMEMORY.TRANSLATED.NET/DOC/USAGELIMITS.PHP TO TRANSLATE MORE
sangat susah mau login inisial susah sekali error lah time out lah server error dll pdhal pakai wifi tempat ttap masuk kalau begini cara bukan mudah mlh justru sulit tlg baik atau gimana krn semua android bisa mudah masuk aplikasi tsb,MYMEMORY WARNING: YOU USED ALL AVAILABLE FREE TRANSLATIONS FOR TODAY. NEXT AVAILABLE IN  23 HOURS 10 MINUTES 28 SECONDS VISIT HTTPS://MYMEMORY.TRANSLATED.NET/DOC/USAGELIMITS.PHP TO TRANSLATE MORE
terima kasih laku banyak baik sedikit masuk versi 2 41 baik nya menu ambil gambar dr galeri dapat jadi alternatif apabila jadi salah verifikasi gmbr arti apabila nya c hasil masuk dalam kotak kembali pps bisa ulang upload gmbr verifikasi gambar dr galeri harus bongkar kotak jd meminimalisir khawatir,MYMEMORY WARNING: YOU USED ALL AVAILABLE FREE TRANSLATIONS FOR TODAY. NEXT AVAILABLE IN  23 HOURS 10 MINUTES 26 SECONDS VISIT HTTPS://MYMEMORY.TRANSLATED.NET/DOC/USAGELIMITS.PHP TO TRANSLATE MORE
nemuin kurang untuk user infinix masuk user samsung xiaomi masuk mohon baik semua hape android bisa masuk saransaya buat akses masuk sistem tunggu jadi musti multipel klik cukup refresh saja buat akses timeout lama 3 menit hasil kirim hasil sirekap jangan buat jadi lama ranah grassroot kerja kpu pusat bidang teknologi lambat merespon masuk mumpung ada 1 minggu lagi,MYMEMORY WARNING: YOU USED ALL AVAILABLE FREE TRANSLATIONS FOR TODAY. NEXT AVAILABLE IN  23 HOURS 10 MINUTES 25 SECONDS VISIT HTTPS://MYMEMORY.TRANSLATED.NET/DOC/USAGELIMITS.PHP TO TRANSLATE MORE
aplikasi layak milu  rasa justru beban kpps awal banyak trobel login padahal masuk halaman awal  login bisa  rasa perlu kaji ulang layak aplikasi semua kpps bisa login batas sinyal belum rata  mau maksimal apa tetap tidak maksimal,MYMEMORY WARNING: YOU USED ALL AVAILABLE FREE TRANSLATIONS FOR TODAY. NEXT AVAILABLE IN  23 HOURS 10 MINUTES 23 SECONDS VISIT HTTPS://MYMEMORY.TRANSLATED.NET/DOC/USAGELIMITS.PHP TO TRANSLATE MORE
perlu baik utama shutter speed kamera kurang cepat akibat gambar terkadang blur walaupun handphone bagus tetep saja dua proses verifikasi foto notifikasi kalo sudah selesai masa kita cek detail terus nya ada notif biar tau tinggal submit tiga proses verifikasi foto sangat lama takut hari h ulang tembus pagi empat ada fitur hapus foto takut nya sirekap 1 masalah,MYMEMORY WARNING: YOU USED ALL AVAILABLE FREE TRANSLATIONS FOR TODAY. NEXT AVAILABLE IN  23 HOURS 10 MINUTES 22 SECONDS VISIT HTTPS://MYMEMORY.TRANSLATED.NET/DOC/USAGELIMITS.PHP TO TRANSLATE MORE
error  jadi salah siap perangkat  pasti hubung jaring internet padahal handphone hubung wifi data seluler update instal ulang aplikasi aktif seluruh izin di perlu hapus beberapa aplikasi tak perlu mohon solusi nya,MYMEMORY WARNING: YOU USED ALL AVAILABLE FREE TRANSLATIONS FOR TODAY. NEXT AVAILABLE IN  23 HOURS 10 MINUTES 20 SECONDS VISIT HTTPS://MYMEMORY.TRANSLATED.NET/DOC/USAGELIMITS.PHP TO TRANSLATE MORE
app support perangkat saya padahal android 13 ram 8gb ulang x uninstall saja sampai menu utama login langsung gagal menu lanjut entah proses ujicobanya apa launching tidak segera baik saya app masih layak guna milu 2024,MYMEMORY WARNING: YOU USED ALL AVAILABLE FREE TRANSLATIONS FOR TODAY. NEXT AVAILABLE IN  23 HOURS 10 MINUTES 19 SECONDS VISIT HTTPS://MYMEMORY.TRANSLATED.NET/DOC/USAGELIMITS.PHP TO TRANSLATE MORE
milu makin dekat aplikasi masih jauh kata optimal masih banyak cacat bagai fitur nya upaya untuk maksimal  optimal kait pengoprasian aplikasi  jangan pada hari-h masih banyak kendala di keluh guna  khusus nya kpps di tunjuk sirekap,MYMEMORY WARNING: YOU USED ALL AVAILABLE FREE TRANSLATIONS FOR TODAY. NEXT AVAILABLE IN  23 HOURS 10 MINUTES 18 SECONDS VISIT HTTPS://MYMEMORY.TRANSLATED.NET/DOC/USAGELIMITS.PHP TO TRANSLATE MORE
baru mau inisial susah minta ampun memang aplikasi digitalisasi milu indonesia siap maksud hati memudhkan cepat aplikasi malah masih mentah sangat susah akses akhir malah tambah masalah lebih lambat mohon segera baik benar benar mudah depan,MYMEMORY WARNING: YOU USED ALL AVAILABLE FREE TRANSLATIONS FOR TODAY. NEXT AVAILABLE IN  23 HOURS 10 MINUTES 16 SECONDS VISIT HTTPS://MYMEMORY.TRANSLATED.NET/DOC/USAGELIMITS.PHP TO TRANSLATE MORE
aplikasi sangat prematur susah login gilir pindah ponsel kualitas kamera pada malah loading gagal dapat kunci digital  timeout ayok tim it kpu serius bkin aplikasi jangan tuju digitalisasi utk mudah malah akhir sulit tuju mudah ingat waktu desak hasil ada tang para kpps,MYMEMORY WARNING: YOU USED ALL AVAILABLE FREE TRANSLATIONS FOR TODAY. NEXT AVAILABLE IN  23 HOURS 10 MINUTES 14 SECONDS VISIT HTTPS://MYMEMORY.TRANSLATED.NET/DOC/USAGELIMITS.PHP TO TRANSLATE MORE
lebih baik aplikasi memang benar ada aplikasi nntinya mudah jalan mungut suara saat hari h kalau aplikasi dukung support ya sm itu masuk susah ada aplikasi ini laku arah coba uninstal instal hasil sama tetap aplikasi tidak dukung login,MYMEMORY WARNING: YOU USED ALL AVAILABLE FREE TRANSLATIONS FOR TODAY. NEXT AVAILABLE IN  23 HOURS 10 MINUTES 13 SECONDS VISIT HTTPS://MYMEMORY.TRANSLATED.NET/DOC/USAGELIMITS.PHP TO TRANSLATE MORE
mending gausah aplikasi saja sih apa apa udah eror terus login susah banget pas udah login saja tuh kendala kualitas gambar ampun deh masak iya ngedit terus mana sering tiba logout server down teruuusss,MYMEMORY WARNING: YOU USED ALL AVAILABLE FREE TRANSLATIONS FOR TODAY. NEXT AVAILABLE IN  23 HOURS 10 MINUTES 12 SECONDS VISIT HTTPS://MYMEMORY.TRANSLATED.NET/DOC/USAGELIMITS.PHP TO TRANSLATE MORE
guna digitalisasi program milu sangat bantu namun mohon baik lagi banyak anggota jadi bagi sirekap bisa akses apk selalu nge-stuck inisial,MYMEMORY WARNING: YOU USED ALL AVAILABLE FREE TRANSLATIONS FOR TODAY. NEXT AVAILABLE IN  23 HOURS 10 MINUTES 10 SECONDS VISIT HTTPS://MYMEMORY.TRANSLATED.NET/DOC/USAGELIMITS.PHP TO TRANSLATE MORE
udah capek menginstal hampir 100kali usaha login begitu pernah hasil ada masalah username password valid padahal memang benar kirim yang saya masuk itu kata error time out gagal dapat sertifikat dll pusing,MYMEMORY WARNING: YOU USED ALL AVAILABLE FREE TRANSLATIONS FOR TODAY. NEXT AVAILABLE IN  23 HOURS 10 MINUTES 08 SECONDS VISIT HTTPS://MYMEMORY.TRANSLATED.NET/DOC/USAGELIMITS.PHP TO TRANSLATE MORE
aplikasi buat log in udah coba kali kali tetep tidak bisa bukan mudah malah sulit milu udah mepet aplikasi malah final jadi udah gitu belum bisa log in tuntut buat segera log in akan salah guna bukan developer gimana nih tanggepannya kpu,MYMEMORY WARNING: YOU USED ALL AVAILABLE FREE TRANSLATIONS FOR TODAY. NEXT AVAILABLE IN  23 HOURS 10 MINUTES 07 SECONDS VISIT HTTPS://MYMEMORY.TRANSLATED.NET/DOC/USAGELIMITS.PHP TO TRANSLATE MORE
mohon perhati  dalam kembang aplikasi siap dahulu mau mudah hasil malah jadi susah memang tetap guna hari milu siap dengan matang baik servernya aplikasi lain bagai jangan mau jalan aplikasi inisial selalu error selalu timeout tolong baik kesiap terimakasih,MYMEMORY WARNING: YOU USED ALL AVAILABLE FREE TRANSLATIONS FOR TODAY. NEXT AVAILABLE IN  23 HOURS 10 MINUTES 06 SECONDS VISIT HTTPS://MYMEMORY.TRANSLATED.NET/DOC/USAGELIMITS.PHP TO TRANSLATE MORE
tingkat awal download aman masukin username ganti password pas login selalu alas invalid dll akhir uninstall lalu install lagi sekarang baru klik tombol masuk malah aplikasi otomatis tutup terus  jadi sama sekali bisa gerak mana bisa jalan simulasi kalo kayak gin solusi,MYMEMORY WARNING: YOU USED ALL AVAILABLE FREE TRANSLATIONS FOR TODAY. NEXT AVAILABLE IN  23 HOURS 10 MINUTES 04 SECONDS VISIT HTTPS://MYMEMORY.TRANSLATED.NET/DOC/USAGELIMITS.PHP TO TRANSLATE MORE
negara terlalu paksa guna aplikasi ini bukan mudah mala susah bisa login apdet lagi itu bisa login lagi mana sinyal negara tidak rata banyak pelosok negeri belum jangkau jaring lebih mustahil mengoprasikan aplikasi nya,MYMEMORY WARNING: YOU USED ALL AVAILABLE FREE TRANSLATIONS FOR TODAY. NEXT AVAILABLE IN  23 HOURS 10 MINUTES 02 SECONDS VISIT HTTPS://MYMEMORY.TRANSLATED.NET/DOC/USAGELIMITS.PHP TO TRANSLATE MORE
aplikasi layak guna milu tgl 14 februari aplikasi diupate baru data simulasi dahulu hapus aplikasi unggah data baru simulasi lanjut banyak gagal unggah data data yang hasil unggah nyata tidak terbac kpu,MYMEMORY WARNING: YOU USED ALL AVAILABLE FREE TRANSLATIONS FOR TODAY. NEXT AVAILABLE IN  23 HOURS 10 MINUTES 01 SECONDS VISIT HTTPS://MYMEMORY.TRANSLATED.NET/DOC/USAGELIMITS.PHP TO TRANSLATE MORE
aplikasi nya bagus mngkin aman data nya tingkat karena rawan jadi double basis data saat pengupload foto cukup lama loading lama padahal pakai wifi paket internet mngkin utk mudah smoga buat versi web nya maaf sblmnya terima kasih,MYMEMORY WARNING: YOU USED ALL AVAILABLE FREE TRANSLATIONS FOR TODAY. NEXT AVAILABLE IN  23 HOURS 09 MINUTES 59 SECONDS VISIT HTTPS://MYMEMORY.TRANSLATED.NET/DOC/USAGELIMITS.PHP TO TRANSLATE MORE
aplikasi bodong angka hasil sesuai foto offline mendetek angka sesuai asli angka kurang aneh tidak bisa edit unsur tidak beres data,MYMEMORY WARNING: YOU USED ALL AVAILABLE FREE TRANSLATIONS FOR TODAY. NEXT AVAILABLE IN  23 HOURS 09 MINUTES 58 SECONDS VISIT HTTPS://MYMEMORY.TRANSLATED.NET/DOC/USAGELIMITS.PHP TO TRANSLATE MORE
aplikasi tolol bukan mudah malah makin jadi sulit mau login susah nya tengah mati bisa 7 hari 7 malam kalau siap pakai aplikasi usah sok an ken serba digitalisasi benerin dlu tuh bug aplikasi baru publikasi kalau 100 siap,MYMEMORY WARNING: YOU USED ALL AVAILABLE FREE TRANSLATIONS FOR TODAY. NEXT AVAILABLE IN  23 HOURS 09 MINUTES 56 SECONDS VISIT HTTPS://MYMEMORY.TRANSLATED.NET/DOC/USAGELIMITS.PHP TO TRANSLATE MORE
bisa masuk aplikasi terang server error padahal aplikasi mau pakai seluruh indonesia serentak baik server masuk aplikasi jalan lancar mudah guna depan,MYMEMORY WARNING: YOU USED ALL AVAILABLE FREE TRANSLATIONS FOR TODAY. NEXT AVAILABLE IN  23 HOURS 09 MINUTES 55 SECONDS VISIT HTTPS://MYMEMORY.TRANSLATED.NET/DOC/USAGELIMITS.PHP TO TRANSLATE MORE
aplikasi baik luas simpan misal pc perangkat itu chipset prosesor naik kualitas lebih lancar guna kan aplikasi server apa lah dupgrade pas pakai ada masalah login soal guna nanti pasti banyak dan masuk sama,MYMEMORY WARNING: YOU USED ALL AVAILABLE FREE TRANSLATIONS FOR TODAY. NEXT AVAILABLE IN  23 HOURS 09 MINUTES 54 SECONDS VISIT HTTPS://MYMEMORY.TRANSLATED.NET/DOC/USAGELIMITS.PHP TO TRANSLATE MORE
lihat ulas teman belum seperti keluh sama aplikasi jalan sempurna whatsapp resmi kpu akses login aplikasi di suruh ganti pasword pasword baru update aplikasi malah bisa login developer baik cepat,MYMEMORY WARNING: YOU USED ALL AVAILABLE FREE TRANSLATIONS FOR TODAY. NEXT AVAILABLE IN  23 HOURS 09 MINUTES 53 SECONDS VISIT HTTPS://MYMEMORY.TRANSLATED.NET/DOC/USAGELIMITS.PHP TO TRANSLATE MORE
bukan mudah malah sulit aplikasi ada mempokuskan kamera jadi sering jadi salah baca sulit untuk cari internet bagus lokasi ada beberapa lokasi sedia nya jaring,MYMEMORY WARNING: YOU USED ALL AVAILABLE FREE TRANSLATIONS FOR TODAY. NEXT AVAILABLE IN  23 HOURS 09 MINUTES 51 SECONDS VISIT HTTPS://MYMEMORY.TRANSLATED.NET/DOC/USAGELIMITS.PHP TO TRANSLATE MORE
sangat buruk foto di ambil aplikasi sirekap jelas kalau sanggup buat aplikasi sendiri tidak kerja sama developer scanner lain camscanner akan hasil kualitas bagus,MYMEMORY WARNING: YOU USED ALL AVAILABLE FREE TRANSLATIONS FOR TODAY. NEXT AVAILABLE IN  23 HOURS 09 MINUTES 50 SECONDS VISIT HTTPS://MYMEMORY.TRANSLATED.NET/DOC/USAGELIMITS.PHP TO TRANSLATE MORE
benar kata orang tahap pasuk finger print salah inisial salah jaring lah memori nya lah apa lah  lebih perhati khusus guna sirekap sangat di tuntut guna aplikasi ini bagi guna memang login bagi susah login  bukan jaring kurang stabil pakai wifi kapasitas jaring istimewa tetap ingat salah inisial,MYMEMORY WARNING: YOU USED ALL AVAILABLE FREE TRANSLATIONS FOR TODAY. NEXT AVAILABLE IN  23 HOURS 09 MINUTES 49 SECONDS VISIT HTTPS://MYMEMORY.TRANSLATED.NET/DOC/USAGELIMITS.PHP TO TRANSLATE MORE
baik kalau memang ingin digitalisasi siap matang semua masuk aplikasi dukung bukan tolak ada digitalisasi jika memang akhir sulit guna apa trobosan dan itu mohon depan baik lagi terimakasih,MYMEMORY WARNING: YOU USED ALL AVAILABLE FREE TRANSLATIONS FOR TODAY. NEXT AVAILABLE IN  23 HOURS 09 MINUTES 47 SECONDS VISIT HTTPS://MYMEMORY.TRANSLATED.NET/DOC/USAGELIMITS.PHP TO TRANSLATE MORE
harus aplikasi kembang sejak lama kesan lihat baru d kembang kemarin sore jangan masuk jalan inisial nya susah entah time out error lain terus lihat komentar lain yang hasil foto jadi buram lah apa lah buka mudah malah tambah masalah rasa,MYMEMORY WARNING: YOU USED ALL AVAILABLE FREE TRANSLATIONS FOR TODAY. NEXT AVAILABLE IN  23 HOURS 09 MINUTES 46 SECONDS VISIT HTTPS://MYMEMORY.TRANSLATED.NET/DOC/USAGELIMITS.PHP TO TRANSLATE MORE
aplikasi bukan mudah buat masalah baru 1 aplikasi buta huruf 2 jumlah manual 3 kendala server 4 selalu masalah login pokok kurang sangat banyak pda lebih aplikasi cacat alias prematur,MYMEMORY WARNING: YOU USED ALL AVAILABLE FREE TRANSLATIONS FOR TODAY. NEXT AVAILABLE IN  23 HOURS 09 MINUTES 45 SECONDS VISIT HTTPS://MYMEMORY.TRANSLATED.NET/DOC/USAGELIMITS.PHP TO TRANSLATE MORE
aplikasi siap sama sekali terlalu banyak gagal server nya sendiri error gagal dll bukan salah signal tetapi server nya harus tingkat anggota log in serempak kata inisial perangkat selesai masih error suruh laku clear data clear data laku telah masuk tetap sama hasil nya ubah sama sekali,MYMEMORY WARNING: YOU USED ALL AVAILABLE FREE TRANSLATIONS FOR TODAY. NEXT AVAILABLE IN  23 HOURS 09 MINUTES 44 SECONDS VISIT HTTPS://MYMEMORY.TRANSLATED.NET/DOC/USAGELIMITS.PHP TO TRANSLATE MORE
aplikasnya sempurna sesi login batas pilih re-login tau menu logout login ulang upload data online laku untuk upload data offline mungkin data tidak akan deteksi harap untuk developer bisa segera benah aplikasi simpul aplikasi bisa sebut aplikasi demo atau seri beta final terima kasih,MYMEMORY WARNING: YOU USED ALL AVAILABLE FREE TRANSLATIONS FOR TODAY. NEXT AVAILABLE IN  23 HOURS 09 MINUTES 42 SECONDS VISIT HTTPS://MYMEMORY.TRANSLATED.NET/DOC/USAGELIMITS.PHP TO TRANSLATE MORE
sudah selesai kerja data aplikasi sirekap  sudah kunci  alhasil saya buka kemabali mebgecek  data nya kosong  seperti awal aku ngerjaiiinnn nya begadang wooiii  lah,MYMEMORY WARNING: YOU USED ALL AVAILABLE FREE TRANSLATIONS FOR TODAY. NEXT AVAILABLE IN  23 HOURS 09 MINUTES 41 SECONDS VISIT HTTPS://MYMEMORY.TRANSLATED.NET/DOC/USAGELIMITS.PHP TO TRANSLATE MORE
sbg anggota kpps sirekap 1 jujur aplikasi lah bikin pulang pagi pasti semua foto dg baik guna tetap tidak baca bimtek aplikasi tidak guna milu aplikasi down 1 hr pilih di cek buat pasti data kunci nyata bagi suruh ulang foto  mana bisa kunci kl begini untung semua hasil c1 di foto  scan jangan salah kpps kpu belum siap,MYMEMORY WARNING: YOU USED ALL AVAILABLE FREE TRANSLATIONS FOR TODAY. NEXT AVAILABLE IN  23 HOURS 09 MINUTES 40 SECONDS VISIT HTTPS://MYMEMORY.TRANSLATED.NET/DOC/USAGELIMITS.PHP TO TRANSLATE MORE
servernya tingkat  kasihan operator upload foto 3 sampai jam jam harus ada menu unggah foto upload hasil foto kamera  scan bukan ambil gambar langsung aplikasi juga sedia aplikasi versi desktop,MYMEMORY WARNING: YOU USED ALL AVAILABLE FREE TRANSLATIONS FOR TODAY. NEXT AVAILABLE IN  23 HOURS 09 MINUTES 38 SECONDS VISIT HTTPS://MYMEMORY.TRANSLATED.NET/DOC/USAGELIMITS.PHP TO TRANSLATE MORE
buat aplikasi banget tangan sungguh sungguh masa upload sudah verifikasi semua kata data masuk real count kpu tolong baik ai sirekap bisa baca tulis yang sedikit blur salah coret servernya tolong baik itu sih kalo tambah saya beri tahu trimakasih,MYMEMORY WARNING: YOU USED ALL AVAILABLE FREE TRANSLATIONS FOR TODAY. NEXT AVAILABLE IN  23 HOURS 09 MINUTES 37 SECONDS VISIT HTTPS://MYMEMORY.TRANSLATED.NET/DOC/USAGELIMITS.PHP TO TRANSLATE MORE
bisa kamera ambil foto guna kamera utama 48mp bukan kamera ultra wide 8mp buat foto hasil jadi buram tidak jelas foto minta sirekap tampak jelas mohon bantu jelas kamera ambil foto ubah foto hasil nampak jelas terima kasih,MYMEMORY WARNING: YOU USED ALL AVAILABLE FREE TRANSLATIONS FOR TODAY. NEXT AVAILABLE IN  23 HOURS 09 MINUTES 36 SECONDS VISIT HTTPS://MYMEMORY.TRANSLATED.NET/DOC/USAGELIMITS.PHP TO TRANSLATE MORE
aplikasi turut bukan lancar malah hambat baik mulai proses lama belum hasil proses sistem foto live iya kalau tahu masih waktu lokasi ulang foto lah kalau tahu gagal proses nya waktu giat selesai plano kirim lah sistem baik lancar kpps jalan tugas justru malah lambat kpps baik,MYMEMORY WARNING: YOU USED ALL AVAILABLE FREE TRANSLATIONS FOR TODAY. NEXT AVAILABLE IN  23 HOURS 09 MINUTES 35 SECONDS VISIT HTTPS://MYMEMORY.TRANSLATED.NET/DOC/USAGELIMITS.PHP TO TRANSLATE MORE
burukkk banget aplikasi hari bagi pdf nya pagi sekarang muter terus padahal memory handphone internal 6 gb udah matiin data terus nyalaiin muter handphone nya matiin terus nyalaiin masih muterr restart handphone nya masih muter tuhh muncul pdfnya orang pada bisa kok tidak bisaa apaa penyebabnyaaaaa saya juga binggung,MYMEMORY WARNING: YOU USED ALL AVAILABLE FREE TRANSLATIONS FOR TODAY. NEXT AVAILABLE IN  23 HOURS 09 MINUTES 34 SECONDS VISIT HTTPS://MYMEMORY.TRANSLATED.NET/DOC/USAGELIMITS.PHP TO TRANSLATE MORE
kata dunia serba digital agar mudah kerja nyata malah sulit tadi ngasih bintang 3 siapa tau maju nyata pas hari h dipakek malah ngrepotin guna aplikasi kelas nasional kalau siap besok2 jangan luncur edit bintang 1,MYMEMORY WARNING: YOU USED ALL AVAILABLE FREE TRANSLATIONS FOR TODAY. NEXT AVAILABLE IN  23 HOURS 09 MINUTES 32 SECONDS VISIT HTTPS://MYMEMORY.TRANSLATED.NET/DOC/USAGELIMITS.PHP TO TRANSLATE MORE
blas gagal bikin kepala pusing mana capres cawapres bisa edit hasil periksa lebih dpt lagi buat apa pake aplikasi sirekap kalo hasil ngawur beri nilai 0 05 100 saran baik jadi jangan kaya gin lagi liat banget kalo server  aplikasi buat indo jelek padahal aplikasi alat bantu negara masa segitunya hehe,MYMEMORY WARNING: YOU USED ALL AVAILABLE FREE TRANSLATIONS FOR TODAY. NEXT AVAILABLE IN  23 HOURS 09 MINUTES 31 SECONDS VISIT HTTPS://MYMEMORY.TRANSLATED.NET/DOC/USAGELIMITS.PHP TO TRANSLATE MORE
aplikasi cacat aplikasi prematur banyak bug banyak error aplikasi sampah pernah pake semenjak pake handphone android kpu pake nyalahin kpps banyak aplikasi nya cacat upload satu foto susah nya mintak ampun apa pas milu 67 mau upload 1 foto telah jam jam baru id upload kadang bisa sama sekali apa mungkin dana buat aplikasi korupsi bisa aplikasi nya cacat sprematur ini hello aplikasi buat negara emang cacat aplikasi,MYMEMORY WARNING: YOU USED ALL AVAILABLE FREE TRANSLATIONS FOR TODAY. NEXT AVAILABLE IN  23 HOURS 09 MINUTES 30 SECONDS VISIT HTTPS://MYMEMORY.TRANSLATED.NET/DOC/USAGELIMITS.PHP TO TRANSLATE MORE
baik aplikasi siap guna suruh pakai mana pps suruh coba terus update si rekap inti hasil sudh selesai peduli si rekap bisa terus cape coba2 terus wassalam,MYMEMORY WARNING: YOU USED ALL AVAILABLE FREE TRANSLATIONS FOR TODAY. NEXT AVAILABLE IN  23 HOURS 09 MINUTES 29 SECONDS VISIT HTTPS://MYMEMORY.TRANSLATED.NET/DOC/USAGELIMITS.PHP TO TRANSLATE MORE
apk nya ya hasil eror terus bisa inisial notifikasi nya itu gagal dapat sertepikat digital akun catat sudah laku inisial coba laku clear data padahal udah berapa kali coba masuk apknya pernah mendaptkan hasil inisial nya ingat milu makin dekat mohon baik cepat nya aplikasi memang harus kan di guna,MYMEMORY WARNING: YOU USED ALL AVAILABLE FREE TRANSLATIONS FOR TODAY. NEXT AVAILABLE IN  23 HOURS 09 MINUTES 27 SECONDS VISIT HTTPS://MYMEMORY.TRANSLATED.NET/DOC/USAGELIMITS.PHP TO TRANSLATE MORE
aplikasi crush jangan mau login klik kotak masuk langsung keluar sendiri aplikasi nya tadi bisa masuk cuma bisa unduh sertifikat saja di reinstal malah bisa masuk sama sekali,MYMEMORY WARNING: YOU USED ALL AVAILABLE FREE TRANSLATIONS FOR TODAY. NEXT AVAILABLE IN  23 HOURS 09 MINUTES 26 SECONDS VISIT HTTPS://MYMEMORY.TRANSLATED.NET/DOC/USAGELIMITS.PHP TO TRANSLATE MORE
